STATION,NAME,DATE,DAPR,MDPR,PRCP,SNOW,SNWD,WESD,WESF
US1WAKG0225,"SEATTLE 2.1 ESE, WA US",1/1/18,,,0,,,,
US1WAKG0225,"SEATTLE 2.1 ESE, WA US",1/2/18,,,0,,,,
US1WAKG0225,"SEATTLE 2.1 ESE, WA US",1/3/18,,,0,,,,
US1WAKG0225,"SEATTLE 2.1 ESE, WA US",1/4/18,,,0,,,,
US1WAKG0225,"SEATTLE 2.1 ESE, WA US",1/5/18,,,0.25,,,,
US1WAKG0225,"SEATTLE 2.1 ESE, WA US",1/6/18,,,0.57,,,,
US1WAKG0225,"SEATTLE 2.1 ESE, WA US",1/7/18,,,0.23,,,,
US1WAKG0225,"SEATTLE 2.1 ESE, WA US",1/8/18,,,0.41,,,,
US1WAKG0225,"SEATTLE 2.1 ESE, WA US",3/12/18,,,0,,,,
US1WAKG0225,"SEATTLE 2.1 ESE, WA US",3/13/18,,,0,,,,
US1WAKG0225,"SEATTLE 2.1 ESE, WA US",3/14/18,,,0.2,,,,
US1WAKG0225,"SEATTLE 2.1 ESE, WA US",3/15/18,,,0.02,,,,
US1WAKG0225,"SEATTLE 2.1 ESE, WA US",3/16/18,,,0,,,,
US1WAKG0225,"SEATTLE 2.1 ESE, WA US",3/17/18,,,0,,,,
US1WAKG0225,"SEATTLE 2.1 ESE, WA US",3/18/18,,,0,,,,
US1WAKG0225,"SEATTLE 2.1 ESE, WA US",3/19/18,,,0,,,,
US1WAKG0225,"SEATTLE 2.1 ESE, WA US",3/20/18,,,0,,,,
US1WAKG0225,"SEATTLE 2.1 ESE, WA US",3/21/18,,,0,,,,
US1WAKG0225,"SEATTLE 2.1 ESE, WA US",3/22/18,,,0.25,,,,
US1WAKG0225,"SEATTLE 2.1 ESE, WA US",3/23/18,,,0.29,,,,
US1WAKG0225,"SEATTLE 2.1 ESE, WA US",3/24/18,,,0.63,,,,
US1WAKG0225,"SEATTLE 2.1 ESE, WA US",3/25/18,,,0,,,,
US1WAKG0225,"SEATTLE 2.1 ESE, WA US",3/26/18,,,0,,,,
US1WAKG0225,"SEATTLE 2.1 ESE, WA US",3/27/18,,,0,,,,
US1WAKG0225,"SEATTLE 2.1 ESE, WA US",3/28/18,,,0.07,,,,
US1WAKG0225,"SEATTLE 2.1 ESE, WA US",3/29/18,,,0,,,,
US1WAKG0225,"SEATTLE 2.1 ESE, WA US",3/30/18,,,0,,,,
US1WAKG0225,"SEATTLE 2.1 ESE, WA US",3/31/18,,,0,,,,
US1WAKG0225,"SEATTLE 2.1 ESE, WA US",4/1/18,,,0.01,,,,
US1WAKG0225,"SEATTLE 2.1 ESE, WA US",4/2/18,,,0.16,,,,
US1WAKG0225,"SEATTLE 2.1 ESE, WA US",4/3/18,,,0,,,,
US1WAKG0225,"SEATTLE 2.1 ESE, WA US",4/4/18,,,0.08,,,,
US1WAKG0225,"SEATTLE 2.1 ESE, WA US",4/5/18,,,0.24,,,,
US1WAKG0225,"SEATTLE 2.1 ESE, WA US",4/6/18,,,0.21,,,,
US1WAKG0225,"SEATTLE 2.1 ESE, WA US",4/7/18,,,0.43,,,,
US1WAKG0225,"SEATTLE 2.1 ESE, WA US",4/8/18,,,0.55,,,,
US1WAKG0225,"SEATTLE 2.1 ESE, WA US",4/9/18,,,0.04,,,,
US1WAKG0225,"SEATTLE 2.1 ESE, WA US",4/10/18,,,0.09,,,,
US1WAKG0225,"SEATTLE 2.1 ESE, WA US",4/11/18,,,0.19,,,,
US1WAKG0225,"SEATTLE 2.1 ESE, WA US",4/12/18,,,0.46,,,,
US1WAKG0225,"SEATTLE 2.1 ESE, WA US",4/13/18,,,0.18,,,,
US1WAKG0225,"SEATTLE 2.1 ESE, WA US",4/14/18,,,0.68,,,,
US1WAKG0225,"SEATTLE 2.1 ESE, WA US",4/15/18,,,1.65,,,,
US1WAKG0225,"SEATTLE 2.1 ESE, WA US",4/16/18,,,0.1,,,,
US1WAKG0225,"SEATTLE 2.1 ESE, WA US",4/17/18,,,0.11,,,,
US1WAKG0225,"SEATTLE 2.1 ESE, WA US",4/18/18,,,0.02,,,,
US1WAKG0225,"SEATTLE 2.1 ESE, WA US",4/19/18,,,0,,,,
US1WAKG0225,"SEATTLE 2.1 ESE, WA US",4/20/18,,,0,,,,
US1WAKG0225,"SEATTLE 2.1 ESE, WA US",4/21/18,,,0.05,,,,
US1WAKG0225,"SEATTLE 2.1 ESE, WA US",4/22/18,,,0.1,,,,
US1WAKG0225,"SEATTLE 2.1 ESE, WA US",4/23/18,,,0,,,,
US1WAKG0225,"SEATTLE 2.1 ESE, WA US",4/24/18,,,0,,,,
US1WAKG0225,"SEATTLE 2.1 ESE, WA US",4/25/18,,,0,,,,
US1WAKG0225,"SEATTLE 2.1 ESE, WA US",4/26/18,,,0,,,,
US1WAKG0225,"SEATTLE 2.1 ESE, WA US",4/27/18,,,0,,,,
US1WAKG0225,"SEATTLE 2.1 ESE, WA US",4/28/18,,,0.32,,,,
US1WAKG0225,"SEATTLE 2.1 ESE, WA US",4/29/18,,,0.27,,,,
US1WAKG0225,"SEATTLE 2.1 ESE, WA US",4/30/18,,,0,,,,
US1WAKG0225,"SEATTLE 2.1 ESE, WA US",5/1/18,,,0,,,,
US1WAKG0225,"SEATTLE 2.1 ESE, WA US",5/2/18,,,0,,,,
US1WAKG0225,"SEATTLE 2.1 ESE, WA US",5/3/18,,,0,,,,
US1WAKG0225,"SEATTLE 2.1 ESE, WA US",5/4/18,,,0,,,,
US1WAKG0225,"SEATTLE 2.1 ESE, WA US",5/5/18,,,0,,,,
US1WAKG0225,"SEATTLE 2.1 ESE, WA US",5/6/18,,,0.03,,,,
US1WAKG0225,"SEATTLE 2.1 ESE, WA US",5/7/18,,,0,0,,,
US1WAKG0225,"SEATTLE 2.1 ESE, WA US",5/8/18,,,0,,,,
US1WAKG0225,"SEATTLE 2.1 ESE, WA US",5/9/18,,,0.05,,,,
US1WAKG0225,"SEATTLE 2.1 ESE, WA US",5/10/18,,,0,,,,
US1WAKG0225,"SEATTLE 2.1 ESE, WA US",5/11/18,,,0,,,,
US1WAKG0225,"SEATTLE 2.1 ESE, WA US",5/12/18,,,0,,,,
US1WAKG0225,"SEATTLE 2.1 ESE, WA US",5/13/18,,,0,,,,
US1WAKG0225,"SEATTLE 2.1 ESE, WA US",5/14/18,,,0,,,,
US1WAKG0225,"SEATTLE 2.1 ESE, WA US",5/15/18,,,0,,,,
US1WAKG0225,"SEATTLE 2.1 ESE, WA US",5/16/18,,,0,,,,
US1WAKG0225,"SEATTLE 2.1 ESE, WA US",5/17/18,,,0,,,,
US1WAKG0225,"SEATTLE 2.1 ESE, WA US",5/18/18,,,0,,,,
US1WAKG0225,"SEATTLE 2.1 ESE, WA US",5/19/18,,,0,,,,
US1WAKG0225,"SEATTLE 2.1 ESE, WA US",5/20/18,,,0.12,,,,
US1WAKG0225,"SEATTLE 2.1 ESE, WA US",5/21/18,,,0,,,,
US1WAKG0225,"SEATTLE 2.1 ESE, WA US",5/22/18,,,0,,,,
US1WAKG0225,"SEATTLE 2.1 ESE, WA US",5/23/18,,,0,,,,
US1WAKG0225,"SEATTLE 2.1 ESE, WA US",5/24/18,,,0,,,,
US1WAKG0225,"SEATTLE 2.1 ESE, WA US",5/25/18,,,0.01,,,,
US1WAKG0225,"SEATTLE 2.1 ESE, WA US",5/26/18,,,0,,,,
US1WAKG0225,"SEATTLE 2.1 ESE, WA US",5/27/18,,,0,,,,
US1WAKG0225,"SEATTLE 2.1 ESE, WA US",5/28/18,,,0,,,,
US1WAKG0225,"SEATTLE 2.1 ESE, WA US",5/29/18,,,0,,,,
US1WAKG0225,"SEATTLE 2.1 ESE, WA US",5/30/18,,,0,,,,
US1WAKG0225,"SEATTLE 2.1 ESE, WA US",5/31/18,,,0,,,,
US1WAKG0225,"SEATTLE 2.1 ESE, WA US",6/1/18,,,0,,,,
US1WAKG0225,"SEATTLE 2.1 ESE, WA US",6/2/18,,,0,,,,
US1WAKG0225,"SEATTLE 2.1 ESE, WA US",6/3/18,,,0,,,,
US1WAKG0225,"SEATTLE 2.1 ESE, WA US",6/4/18,,,0.05,,,,
US1WAKG0225,"SEATTLE 2.1 ESE, WA US",6/5/18,,,0.04,,,,
US1WAKG0225,"SEATTLE 2.1 ESE, WA US",6/6/18,,,0,,,,
US1WAKG0225,"SEATTLE 2.1 ESE, WA US",6/7/18,,,0,,,,
US1WAKG0225,"SEATTLE 2.1 ESE, WA US",6/8/18,,,0,,,,
US1WAKG0225,"SEATTLE 2.1 ESE, WA US",6/9/18,,,0.26,,,,
US1WAKG0225,"SEATTLE 2.1 ESE, WA US",6/10/18,,,0.13,,,,
US1WAKG0225,"SEATTLE 2.1 ESE, WA US",6/11/18,,,0.21,,,,
US1WAKG0225,"SEATTLE 2.1 ESE, WA US",6/12/18,,,0,,,,
US1WAKG0225,"SEATTLE 2.1 ESE, WA US",6/13/18,,,0.2,,,,
US1WAKG0225,"SEATTLE 2.1 ESE, WA US",6/14/18,,,0.05,,,,
US1WAKG0225,"SEATTLE 2.1 ESE, WA US",6/15/18,,,0,,,,
US1WAKG0225,"SEATTLE 2.1 ESE, WA US",6/16/18,,,0,,,,
US1WAKG0225,"SEATTLE 2.1 ESE, WA US",6/17/18,,,0,,,,
US1WAKG0225,"SEATTLE 2.1 ESE, WA US",6/18/18,,,0,,,,
US1WAKG0225,"SEATTLE 2.1 ESE, WA US",6/19/18,,,0,,,,
US1WAKG0225,"SEATTLE 2.1 ESE, WA US",6/20/18,,,0,,,,
US1WAKG0225,"SEATTLE 2.1 ESE, WA US",6/21/18,,,0,,,,
US1WAKG0225,"SEATTLE 2.1 ESE, WA US",6/22/18,,,0,,,,
US1WAKG0225,"SEATTLE 2.1 ESE, WA US",6/23/18,,,0.18,,,,
US1WAKG0225,"SEATTLE 2.1 ESE, WA US",6/24/18,,,0,,,,
US1WAKG0225,"SEATTLE 2.1 ESE, WA US",6/25/18,,,0.17,,,,
US1WAKG0225,"SEATTLE 2.1 ESE, WA US",6/26/18,,,0.15,,,,
US1WAKG0225,"SEATTLE 2.1 ESE, WA US",6/27/18,,,0,,,,
US1WAKG0225,"SEATTLE 2.1 ESE, WA US",6/28/18,,,0,,,,
US1WAKG0225,"SEATTLE 2.1 ESE, WA US",6/29/18,,,0,,,,
US1WAKG0225,"SEATTLE 2.1 ESE, WA US",6/30/18,,,0,,,,
US1WAKG0225,"SEATTLE 2.1 ESE, WA US",7/1/18,,,0.02,,,,
US1WAKG0225,"SEATTLE 2.1 ESE, WA US",7/2/18,,,0.01,,,,
US1WAKG0225,"SEATTLE 2.1 ESE, WA US",7/3/18,,,0,,,,
US1WAKG0225,"SEATTLE 2.1 ESE, WA US",7/4/18,,,0,,,,
US1WAKG0225,"SEATTLE 2.1 ESE, WA US",7/5/18,,,0,,,,
US1WAKG0225,"SEATTLE 2.1 ESE, WA US",7/6/18,,,0,,,,
US1WAKG0225,"SEATTLE 2.1 ESE, WA US",7/7/18,,,0,,,,
US1WAKG0225,"SEATTLE 2.1 ESE, WA US",7/8/18,,,0,,,,
US1WAKG0225,"SEATTLE 2.1 ESE, WA US",7/9/18,,,0,,,,
US1WAKG0225,"SEATTLE 2.1 ESE, WA US",7/10/18,,,0,,,,
US1WAKG0225,"SEATTLE 2.1 ESE, WA US",7/11/18,,,0,,,,
US1WAKG0225,"SEATTLE 2.1 ESE, WA US",7/12/18,,,0,,,,
US1WAKG0225,"SEATTLE 2.1 ESE, WA US",7/13/18,,,0,,,,
US1WAKG0225,"SEATTLE 2.1 ESE, WA US",7/14/18,,,0,,,,
US1WAKG0225,"SEATTLE 2.1 ESE, WA US",7/15/18,,,0,,,,
US1WAKG0225,"SEATTLE 2.1 ESE, WA US",7/16/18,,,0,,,,
US1WAKG0225,"SEATTLE 2.1 ESE, WA US",7/17/18,,,0,,,,
US1WAKG0225,"SEATTLE 2.1 ESE, WA US",7/18/18,,,0,,,,
US1WAKG0225,"SEATTLE 2.1 ESE, WA US",7/19/18,,,0,,,,
US1WAKG0225,"SEATTLE 2.1 ESE, WA US",7/20/18,,,0,,,,
US1WAKG0225,"SEATTLE 2.1 ESE, WA US",7/21/18,,,0,,,,
US1WAKG0225,"SEATTLE 2.1 ESE, WA US",7/22/18,,,0,,,,
US1WAKG0225,"SEATTLE 2.1 ESE, WA US",7/23/18,,,0,,,,
US1WAKG0225,"SEATTLE 2.1 ESE, WA US",7/24/18,,,0,,,,
US1WAKG0225,"SEATTLE 2.1 ESE, WA US",7/25/18,,,0,,,,
US1WAKG0225,"SEATTLE 2.1 ESE, WA US",7/26/18,,,0,,,,
US1WAKG0225,"SEATTLE 2.1 ESE, WA US",7/27/18,,,0,,,,
US1WAKG0225,"SEATTLE 2.1 ESE, WA US",7/28/18,,,0,,,,
US1WAKG0225,"SEATTLE 2.1 ESE, WA US",7/29/18,,,0,,,,
US1WAKG0225,"SEATTLE 2.1 ESE, WA US",7/30/18,,,0,,,,
US1WAKG0225,"SEATTLE 2.1 ESE, WA US",7/31/18,,,0,,,,
US1WAKG0225,"SEATTLE 2.1 ESE, WA US",8/1/18,,,0,,,,
US1WAKG0225,"SEATTLE 2.1 ESE, WA US",8/2/18,,,0,,,,
US1WAKG0225,"SEATTLE 2.1 ESE, WA US",8/3/18,,,0.04,,,,
US1WAKG0225,"SEATTLE 2.1 ESE, WA US",8/4/18,,,0.01,,,,
US1WAKG0225,"SEATTLE 2.1 ESE, WA US",8/5/18,,,0,,,,
US1WAKG0225,"SEATTLE 2.1 ESE, WA US",8/6/18,,,0,,,,
US1WAKG0225,"SEATTLE 2.1 ESE, WA US",8/7/18,,,0,,,,
US1WAKG0225,"SEATTLE 2.1 ESE, WA US",8/8/18,,,0,,,,
US1WAKG0225,"SEATTLE 2.1 ESE, WA US",8/9/18,,,0,,,,
US1WAKG0225,"SEATTLE 2.1 ESE, WA US",8/10/18,,,0,,,,
US1WAKG0225,"SEATTLE 2.1 ESE, WA US",8/11/18,,,0,,,,
US1WAKG0225,"SEATTLE 2.1 ESE, WA US",8/12/18,,,0.01,,,,
US1WAKG0225,"SEATTLE 2.1 ESE, WA US",8/13/18,,,0,,,,
US1WAKG0225,"SEATTLE 2.1 ESE, WA US",8/14/18,,,0,,,,
US1WAKG0225,"SEATTLE 2.1 ESE, WA US",8/15/18,,,0,,,,
US1WAKG0225,"SEATTLE 2.1 ESE, WA US",8/16/18,,,0,,,,
US1WAKG0225,"SEATTLE 2.1 ESE, WA US",8/17/18,,,0,,,,
US1WAKG0225,"SEATTLE 2.1 ESE, WA US",8/18/18,,,0,,,,
US1WAKG0225,"SEATTLE 2.1 ESE, WA US",8/19/18,,,0,,,,
US1WAKG0225,"SEATTLE 2.1 ESE, WA US",8/20/18,,,0,,,,
US1WAKG0225,"SEATTLE 2.1 ESE, WA US",8/21/18,,,0,,,,
US1WAKG0225,"SEATTLE 2.1 ESE, WA US",8/22/18,,,0,,,,
US1WAKG0225,"SEATTLE 2.1 ESE, WA US",8/23/18,,,0,,,,
US1WAKG0225,"SEATTLE 2.1 ESE, WA US",8/24/18,,,0,,,,
US1WAKG0225,"SEATTLE 2.1 ESE, WA US",8/25/18,,,0,,,,
US1WAKG0225,"SEATTLE 2.1 ESE, WA US",8/26/18,,,0.01,,,,
US1WAKG0225,"SEATTLE 2.1 ESE, WA US",8/27/18,,,0.27,,,,
US1WAKG0225,"SEATTLE 2.1 ESE, WA US",8/28/18,,,0,,,,
US1WAKG0225,"SEATTLE 2.1 ESE, WA US",8/29/18,,,0,,,,
US1WAKG0225,"SEATTLE 2.1 ESE, WA US",8/30/18,,,0,,,,
US1WAKG0225,"SEATTLE 2.1 ESE, WA US",8/31/18,,,0.25,,,,
US1WAKG0225,"SEATTLE 2.1 ESE, WA US",9/1/18,,,0,,,,
US1WAKG0225,"SEATTLE 2.1 ESE, WA US",9/2/18,,,0,,,,
US1WAKG0225,"SEATTLE 2.1 ESE, WA US",9/3/18,,,0,,,,
US1WAKG0225,"SEATTLE 2.1 ESE, WA US",9/4/18,,,0,,,,
US1WAKG0225,"SEATTLE 2.1 ESE, WA US",9/5/18,,,0,,,,
US1WAKG0225,"SEATTLE 2.1 ESE, WA US",9/6/18,,,0,,,,
US1WAKG0225,"SEATTLE 2.1 ESE, WA US",9/7/18,,,0,,,,
US1WAKG0225,"SEATTLE 2.1 ESE, WA US",9/8/18,,,0.14,,,,
US1WAKG0225,"SEATTLE 2.1 ESE, WA US",9/9/18,,,0,,,,
US1WAKG0225,"SEATTLE 2.1 ESE, WA US",9/10/18,,,0.17,,,,
US1WAKG0225,"SEATTLE 2.1 ESE, WA US",9/11/18,,,0.01,,,,
US1WAKG0225,"SEATTLE 2.1 ESE, WA US",9/12/18,,,0,,,,
US1WAKG0225,"SEATTLE 2.1 ESE, WA US",9/13/18,,,0,,,,
US1WAKG0225,"SEATTLE 2.1 ESE, WA US",9/14/18,,,0.1,,,,
US1WAKG0225,"SEATTLE 2.1 ESE, WA US",9/15/18,,,0.08,,,,
US1WAKG0225,"SEATTLE 2.1 ESE, WA US",9/16/18,,,0.28,,,,
US1WAKG0225,"SEATTLE 2.1 ESE, WA US",9/17/18,,,0.05,,,,
US1WAKG0225,"SEATTLE 2.1 ESE, WA US",9/18/18,,,0,,,,
US1WAKG0225,"SEATTLE 2.1 ESE, WA US",9/19/18,,,0,,,,
US1WAKG0225,"SEATTLE 2.1 ESE, WA US",9/20/18,,,0.03,,,,
US1WAKG0225,"SEATTLE 2.1 ESE, WA US",9/21/18,,,0,,,,
US1WAKG0225,"SEATTLE 2.1 ESE, WA US",9/23/18,,,0.01,,,,
US1WAKG0225,"SEATTLE 2.1 ESE, WA US",9/24/18,,,0,,,,
US1WAKG0225,"SEATTLE 2.1 ESE, WA US",9/25/18,,,0,,,,
US1WAKG0225,"SEATTLE 2.1 ESE, WA US",9/26/18,,,0,,,,
US1WAKG0225,"SEATTLE 2.1 ESE, WA US",9/27/18,,,0,,,,
US1WAKG0225,"SEATTLE 2.1 ESE, WA US",9/28/18,,,0,,,,
US1WAKG0225,"SEATTLE 2.1 ESE, WA US",9/29/18,,,0,,,,
US1WAKG0225,"SEATTLE 2.1 ESE, WA US",9/30/18,,,0.1,,,,
US1WAKG0225,"SEATTLE 2.1 ESE, WA US",10/1/18,,,0.01,,,,
US1WAKG0225,"SEATTLE 2.1 ESE, WA US",10/2/18,,,0.27,,,,
US1WAKG0225,"SEATTLE 2.1 ESE, WA US",10/3/18,,,0.07,,,,
US1WAKG0225,"SEATTLE 2.1 ESE, WA US",10/4/18,,,0,,,,
US1WAKG0225,"SEATTLE 2.1 ESE, WA US",10/5/18,,,0,,,,
US1WAKG0225,"SEATTLE 2.1 ESE, WA US",10/6/18,,,0.31,,,,
US1WAKG0225,"SEATTLE 2.1 ESE, WA US",10/7/18,,,0,,,,
US1WAKG0225,"SEATTLE 2.1 ESE, WA US",10/8/18,,,0.13,,,,
US1WAKG0225,"SEATTLE 2.1 ESE, WA US",10/9/18,,,0.38,,,,
US1WAKG0225,"SEATTLE 2.1 ESE, WA US",10/10/18,,,0.02,,,,
US1WAKG0225,"SEATTLE 2.1 ESE, WA US",10/11/18,,,0,,,,
US1WAKG0225,"SEATTLE 2.1 ESE, WA US",10/12/18,,,0,,,,
US1WAKG0225,"SEATTLE 2.1 ESE, WA US",10/13/18,,,0,,,,
US1WAKG0225,"SEATTLE 2.1 ESE, WA US",10/14/18,,,0,,,,
US1WAKG0225,"SEATTLE 2.1 ESE, WA US",10/15/18,,,0,,,,
US1WAKG0225,"SEATTLE 2.1 ESE, WA US",10/16/18,,,0,,,,
US1WAKG0225,"SEATTLE 2.1 ESE, WA US",10/17/18,,,0,,,,
US1WAKG0225,"SEATTLE 2.1 ESE, WA US",10/18/18,,,0,,,,
US1WAKG0225,"SEATTLE 2.1 ESE, WA US",10/19/18,,,0,,,,
US1WAKG0225,"SEATTLE 2.1 ESE, WA US",10/20/18,,,0,,,,
US1WAKG0225,"SEATTLE 2.1 ESE, WA US",10/21/18,,,0,,,,
US1WAKG0225,"SEATTLE 2.1 ESE, WA US",10/22/18,,,0.01,,,,
US1WAKG0225,"SEATTLE 2.1 ESE, WA US",10/23/18,,,0.01,,,,
US1WAKG0225,"SEATTLE 2.1 ESE, WA US",10/24/18,,,0.04,,,,
US1WAKG0225,"SEATTLE 2.1 ESE, WA US",10/25/18,,,0,,,,
US1WAKG0225,"SEATTLE 2.1 ESE, WA US",10/26/18,,,0.82,,,,
US1WAKG0225,"SEATTLE 2.1 ESE, WA US",10/27/18,,,0.02,,,,
US1WAKG0225,"SEATTLE 2.1 ESE, WA US",10/28/18,,,1.25,,,,
US1WAKG0225,"SEATTLE 2.1 ESE, WA US",10/29/18,,,0.14,,,,
US1WAKG0225,"SEATTLE 2.1 ESE, WA US",10/30/18,,,0.01,,,,
US1WAKG0225,"SEATTLE 2.1 ESE, WA US",10/31/18,,,0.1,,,,
US1WAKG0225,"SEATTLE 2.1 ESE, WA US",11/1/18,,,0.03,,,,
US1WAKG0225,"SEATTLE 2.1 ESE, WA US",11/11/18,10,0.6,,,,,
US1WAKG0225,"SEATTLE 2.1 ESE, WA US",11/12/18,,,0,,,,
US1WAKG0225,"SEATTLE 2.1 ESE, WA US",11/13/18,,,0,,,,
US1WAKG0225,"SEATTLE 2.1 ESE, WA US",11/14/18,,,0.12,,,,
US1WAKG0225,"SEATTLE 2.1 ESE, WA US",11/15/18,,,0.08,,,,
US1WAKG0225,"SEATTLE 2.1 ESE, WA US",11/16/18,,,0.04,,,,
US1WAKG0225,"SEATTLE 2.1 ESE, WA US",11/17/18,,,0,,,,
US1WAKG0225,"SEATTLE 2.1 ESE, WA US",11/18/18,,,0,,,,
US1WAKG0225,"SEATTLE 2.1 ESE, WA US",11/19/18,,,0,,,,
US1WAKG0225,"SEATTLE 2.1 ESE, WA US",11/20/18,,,0,,,,
US1WAKG0225,"SEATTLE 2.1 ESE, WA US",11/21/18,,,0,,,,
US1WAKG0225,"SEATTLE 2.1 ESE, WA US",11/22/18,,,0.29,,,,
US1WAKG0225,"SEATTLE 2.1 ESE, WA US",11/23/18,,,0.78,,,,
US1WAKG0225,"SEATTLE 2.1 ESE, WA US",11/24/18,,,0.08,,,,
US1WAKG0225,"SEATTLE 2.1 ESE, WA US",11/25/18,,,0,,,,
US1WAKG0225,"SEATTLE 2.1 ESE, WA US",11/26/18,,,0.32,,,,
US1WAKG0225,"SEATTLE 2.1 ESE, WA US",11/27/18,,,1.56,,,,
US1WAKG0225,"SEATTLE 2.1 ESE, WA US",11/28/18,,,0.45,,,,
US1WAKG0225,"SEATTLE 2.1 ESE, WA US",11/29/18,,,0.15,,,,
US1WAKG0225,"SEATTLE 2.1 ESE, WA US",11/30/18,,,0.01,,,,
US1WAKG0225,"SEATTLE 2.1 ESE, WA US",12/1/18,,,0.18,,,,
US1WAKG0225,"SEATTLE 2.1 ESE, WA US",12/2/18,,,0.29,,,,
US1WAKG0225,"SEATTLE 2.1 ESE, WA US",12/3/18,,,0.02,,,,
US1WAKG0225,"SEATTLE 2.1 ESE, WA US",12/4/18,,,0,,,,
US1WAKG0225,"SEATTLE 2.1 ESE, WA US",12/5/18,,,0,,,,
US1WAKG0225,"SEATTLE 2.1 ESE, WA US",12/6/18,,,0,,,,
US1WAKG0225,"SEATTLE 2.1 ESE, WA US",12/7/18,,,0,,,,
US1WAKG0225,"SEATTLE 2.1 ESE, WA US",12/8/18,,,0.01,,,,
US1WAKG0225,"SEATTLE 2.1 ESE, WA US",12/9/18,,,0,,,,
US1WAKG0225,"SEATTLE 2.1 ESE, WA US",12/10/18,,,0.56,,,,
US1WAKG0225,"SEATTLE 2.1 ESE, WA US",12/11/18,,,0.14,,,,
US1WAKG0225,"SEATTLE 2.1 ESE, WA US",12/12/18,,,0.37,,,,
US1WAKG0225,"SEATTLE 2.1 ESE, WA US",12/13/18,,,0.15,,,,
US1WAKG0225,"SEATTLE 2.1 ESE, WA US",12/14/18,,,0.18,,,,
US1WAKG0225,"SEATTLE 2.1 ESE, WA US",12/15/18,,,0.05,,,,
US1WAKG0225,"SEATTLE 2.1 ESE, WA US",12/16/18,,,0.38,,,,
US1WAKG0225,"SEATTLE 2.1 ESE, WA US",12/17/18,,,0.3,,,,
US1WAKG0225,"SEATTLE 2.1 ESE, WA US",12/18/18,,,0.83,,,,
US1WAKG0225,"SEATTLE 2.1 ESE, WA US",12/19/18,,,0.27,,,,
US1WAKG0225,"SEATTLE 2.1 ESE, WA US",12/20/18,,,0.18,,,,
US1WAKG0225,"SEATTLE 2.1 ESE, WA US",12/21/18,,,0.16,,,,
US1WAKG0225,"SEATTLE 2.1 ESE, WA US",12/22/18,,,0.01,,,,
US1WAKG0225,"SEATTLE 2.1 ESE, WA US",12/23/18,,,0.83,,,,
US1WAKG0225,"SEATTLE 2.1 ESE, WA US",12/24/18,,,0.05,,,,
US1WAKG0225,"SEATTLE 2.1 ESE, WA US",12/25/18,,,0.02,,,,
US1WAKG0225,"SEATTLE 2.1 ESE, WA US",12/26/18,,,0.03,,,,
US1WAKG0225,"SEATTLE 2.1 ESE, WA US",12/27/18,,,0.12,,,,
US1WAKG0225,"SEATTLE 2.1 ESE, WA US",12/28/18,,,0.07,,,,
US1WAKG0225,"SEATTLE 2.1 ESE, WA US",12/29/18,,,0.32,,,,
US1WAKG0225,"SEATTLE 2.1 ESE, WA US",12/30/18,,,0.44,,,,
US1WAKG0225,"SEATTLE 2.1 ESE, WA US",12/31/18,,,0.01,,,,
US1WAKG0225,"SEATTLE 2.1 ESE, WA US",1/1/19,,,0,,,,
US1WAKG0225,"SEATTLE 2.1 ESE, WA US",1/2/19,,,0,,,,
US1WAKG0225,"SEATTLE 2.1 ESE, WA US",1/3/19,,,0.42,,,,
US1WAKG0225,"SEATTLE 2.1 ESE, WA US",1/4/19,,,0.55,,,,
US1WAKG0225,"SEATTLE 2.1 ESE, WA US",1/7/19,3,0.53,,,,,
US1WAKG0225,"SEATTLE 2.1 ESE, WA US",1/8/19,,,0.02,,,,
US1WAKG0225,"SEATTLE 2.1 ESE, WA US",1/9/19,,,0.35,,,,
US1WAKG0225,"SEATTLE 2.1 ESE, WA US",1/10/19,,,0.32,,,,
US1WAKG0225,"SEATTLE 2.1 ESE, WA US",1/11/19,,,0.03,,,,
US1WAKG0225,"SEATTLE 2.1 ESE, WA US",1/12/19,,,0,,,,
US1WAKG0225,"SEATTLE 2.1 ESE, WA US",1/13/19,,,0,,,,
US1WAKG0225,"SEATTLE 2.1 ESE, WA US",1/14/19,,,0,,,,
US1WAKG0225,"SEATTLE 2.1 ESE, WA US",1/15/19,,,0,,,,
US1WAKG0225,"SEATTLE 2.1 ESE, WA US",1/16/19,,,0,,,,
US1WAKG0225,"SEATTLE 2.1 ESE, WA US",1/17/19,,,0.12,,,,
US1WAKG0225,"SEATTLE 2.1 ESE, WA US",1/18/19,,,0.15,,,,
US1WAKG0225,"SEATTLE 2.1 ESE, WA US",1/19/19,,,0.28,,,,
US1WAKG0225,"SEATTLE 2.1 ESE, WA US",1/20/19,,,0.04,,,,
US1WAKG0225,"SEATTLE 2.1 ESE, WA US",1/21/19,,,0,,,,
US1WAKG0225,"SEATTLE 2.1 ESE, WA US",1/22/19,,,0.01,,,,
US1WAKG0225,"SEATTLE 2.1 ESE, WA US",1/23/19,,,0.7,,,,
US1WAKG0225,"SEATTLE 2.1 ESE, WA US",1/25/19,2,0.09,,,,,
US1WAKG0225,"SEATTLE 2.1 ESE, WA US",1/26/19,,,0.02,,,,
US1WAKG0225,"SEATTLE 2.1 ESE, WA US",1/27/19,,,0,,,,
US1WAKG0225,"SEATTLE 2.1 ESE, WA US",1/28/19,,,0,,,,
US1WAKG0225,"SEATTLE 2.1 ESE, WA US",1/29/19,,,0,,,,
US1WAKG0225,"SEATTLE 2.1 ESE, WA US",1/30/19,,,0,,,,
US1WAKG0225,"SEATTLE 2.1 ESE, WA US",1/31/19,,,0,,,,
US1WAKG0225,"SEATTLE 2.1 ESE, WA US",2/1/19,,,0.16,,,,
US1WAKG0225,"SEATTLE 2.1 ESE, WA US",2/2/19,,,0.35,,,,
US1WAKG0225,"SEATTLE 2.1 ESE, WA US",2/3/19,,,0.04,,,,
US1WAKG0225,"SEATTLE 2.1 ESE, WA US",2/4/19,,,0.35,6,,,
US1WAKG0225,"SEATTLE 2.1 ESE, WA US",2/5/19,,,0.02,0.2,,,
US1WAKG0225,"SEATTLE 2.1 ESE, WA US",2/6/19,,,0,0,,,
US1WAKG0225,"SEATTLE 2.1 ESE, WA US",2/7/19,,,0,0,,,
US1WAKG0225,"SEATTLE 2.1 ESE, WA US",2/8/19,,,0,0,,,
US1WAKG0225,"SEATTLE 2.1 ESE, WA US",2/9/19,,,1.12,9,,,
US1WAKG0225,"SEATTLE 2.1 ESE, WA US",2/10/19,,,0,0.1,,,
US1WAKG0225,"SEATTLE 2.1 ESE, WA US",2/11/19,,,0.7,4,,,
US1WAKG0225,"SEATTLE 2.1 ESE, WA US",2/12/19,,,1.02,5,,,
US1WAKG0225,"SEATTLE 2.1 ESE, WA US",2/13/19,,,0.15,0,,,
US1WAKG0225,"SEATTLE 2.1 ESE, WA US",2/14/19,,,0,0,,,
US1WAKG0225,"SEATTLE 2.1 ESE, WA US",2/15/19,,,0.19,0,,,
US1WAKG0225,"SEATTLE 2.1 ESE, WA US",2/16/19,,,0.02,0,,,
US1WAKG0225,"SEATTLE 2.1 ESE, WA US",2/17/19,,,0.39,0,,,
US1WAKG0225,"SEATTLE 2.1 ESE, WA US",2/18/19,,,0.02,0,,,
US1WAKG0225,"SEATTLE 2.1 ESE, WA US",2/19/19,,,0.07,0,,,
US1WAKG0225,"SEATTLE 2.1 ESE, WA US",2/20/19,,,0.27,0,,,
US1WAKG0225,"SEATTLE 2.1 ESE, WA US",2/21/19,,,0.03,0,,,
US1WAKG0225,"SEATTLE 2.1 ESE, WA US",2/22/19,,,0,0,,,
US1WAKG0225,"SEATTLE 2.1 ESE, WA US",2/28/19,6,0.27,,,0,,
US1WAKG0225,"SEATTLE 2.1 ESE, WA US",3/1/19,,,0,,,,
US1WAKG0225,"SEATTLE 2.1 ESE, WA US",3/2/19,,,0,,,,
US1WAKG0225,"SEATTLE 2.1 ESE, WA US",3/3/19,,,0,,,,
US1WAKG0225,"SEATTLE 2.1 ESE, WA US",3/4/19,,,0,,,,
US1WAKG0225,"SEATTLE 2.1 ESE, WA US",3/5/19,,,0,,,,
US1WAKG0225,"SEATTLE 2.1 ESE, WA US",3/6/19,,,0,,,,
US1WAKG0225,"SEATTLE 2.1 ESE, WA US",3/7/19,,,0.27,1,1,0.1,0.1
US1WAKG0225,"SEATTLE 2.1 ESE, WA US",3/8/19,,,0.03,0,0,,
US1WAKG0225,"SEATTLE 2.1 ESE, WA US",3/9/19,,,0.08,0,0,,
US1WAKG0225,"SEATTLE 2.1 ESE, WA US",3/10/19,,,0,,,,
US1WAKG0225,"SEATTLE 2.1 ESE, WA US",3/11/19,,,0,,,,
US1WAKG0225,"SEATTLE 2.1 ESE, WA US",3/12/19,,,0.76,,,,
US1WAKG0225,"SEATTLE 2.1 ESE, WA US",3/13/19,,,0.19,,,,
US1WAKG0225,"SEATTLE 2.1 ESE, WA US",3/14/19,,,0,,,,
US1WAKG0225,"SEATTLE 2.1 ESE, WA US",3/15/19,,,0,,,,
US1WAKG0225,"SEATTLE 2.1 ESE, WA US",3/16/19,,,0,,,,
US1WAKG0225,"SEATTLE 2.1 ESE, WA US",3/17/19,,,0,,,,
US1WAKG0225,"SEATTLE 2.1 ESE, WA US",3/18/19,,,0,,,,
US1WAKG0225,"SEATTLE 2.1 ESE, WA US",3/19/19,,,0,,,,
US1WAKG0225,"SEATTLE 2.1 ESE, WA US",3/20/19,,,0,,,,
US1WAKG0225,"SEATTLE 2.1 ESE, WA US",3/21/19,,,0,,,,
US1WAKG0225,"SEATTLE 2.1 ESE, WA US",3/22/19,,,0,,,,
US1WAKG0225,"SEATTLE 2.1 ESE, WA US",3/23/19,,,0.01,,,,
US1WAKG0225,"SEATTLE 2.1 ESE, WA US",3/24/19,,,0,,,,
US1WAKG0225,"SEATTLE 2.1 ESE, WA US",3/25/19,,,0,,,,
US1WAKG0225,"SEATTLE 2.1 ESE, WA US",3/26/19,,,0.21,,,,
US1WAKG0225,"SEATTLE 2.1 ESE, WA US",3/27/19,,,0,,,,
US1WAKG0225,"SEATTLE 2.1 ESE, WA US",3/28/19,,,0,,,,
US1WAKG0225,"SEATTLE 2.1 ESE, WA US",3/29/19,,,0,,,,
US1WAKG0225,"SEATTLE 2.1 ESE, WA US",3/30/19,,,0,,,,
US1WAKG0225,"SEATTLE 2.1 ESE, WA US",3/31/19,,,0,,,,
US1WAKG0225,"SEATTLE 2.1 ESE, WA US",4/1/19,,,0,,,,
US1WAKG0225,"SEATTLE 2.1 ESE, WA US",4/2/19,,,0,,,,
US1WAKG0225,"SEATTLE 2.1 ESE, WA US",4/3/19,,,0.02,,,,
US1WAKG0225,"SEATTLE 2.1 ESE, WA US",4/4/19,,,0.01,,,,
US1WAKG0225,"SEATTLE 2.1 ESE, WA US",4/5/19,,,0.21,,,,
US1WAKG0225,"SEATTLE 2.1 ESE, WA US",4/8/19,3,0.78,,,,,
US1WAKG0225,"SEATTLE 2.1 ESE, WA US",4/9/19,,,0.22,,,,
US1WAKG0225,"SEATTLE 2.1 ESE, WA US",4/10/19,,,0.02,,,,
US1WAKG0225,"SEATTLE 2.1 ESE, WA US",4/11/19,,,0.32,,,,
US1WAKG0225,"SEATTLE 2.1 ESE, WA US",4/12/19,,,0.44,,,,
US1WAKG0225,"SEATTLE 2.1 ESE, WA US",4/13/19,,,0.04,,,,
US1WAKG0225,"SEATTLE 2.1 ESE, WA US",4/14/19,,,0.05,,,,
US1WAKG0225,"SEATTLE 2.1 ESE, WA US",4/15/19,,,0.02,,,,
US1WAKG0225,"SEATTLE 2.1 ESE, WA US",4/16/19,,,0,,,,
US1WAKG0225,"SEATTLE 2.1 ESE, WA US",4/17/19,,,0.17,,,,
US1WAKG0225,"SEATTLE 2.1 ESE, WA US",4/18/19,,,0.1,,,,
US1WAKG0225,"SEATTLE 2.1 ESE, WA US",4/19/19,,,0.07,,,,
US1WAKG0225,"SEATTLE 2.1 ESE, WA US",4/20/19,,,0.03,,,,
US1WAKG0225,"SEATTLE 2.1 ESE, WA US",4/21/19,,,0.17,,,,
US1WAKG0225,"SEATTLE 2.1 ESE, WA US",4/22/19,,,0.04,,,,
US1WAKG0225,"SEATTLE 2.1 ESE, WA US",4/23/19,,,0.07,,,,
US1WAKG0225,"SEATTLE 2.1 ESE, WA US",4/24/19,,,0.02,,,,
US1WAKG0225,"SEATTLE 2.1 ESE, WA US",4/25/19,,,0,,,,
US1WAKG0225,"SEATTLE 2.1 ESE, WA US",4/26/19,,,0,,,,
US1WAKG0225,"SEATTLE 2.1 ESE, WA US",4/27/19,,,0,,,,
US1WAKG0225,"SEATTLE 2.1 ESE, WA US",4/28/19,,,0.02,,,,
US1WAKG0225,"SEATTLE 2.1 ESE, WA US",4/29/19,,,0,,,,
US1WAKG0225,"SEATTLE 2.1 ESE, WA US",4/30/19,,,0,,,,
US1WAKG0225,"SEATTLE 2.1 ESE, WA US",5/1/19,,,0,,,,
US1WAKG0225,"SEATTLE 2.1 ESE, WA US",5/2/19,,,0,,,,
US1WAKG0225,"SEATTLE 2.1 ESE, WA US",5/3/19,,,0,,,,
US1WAKG0225,"SEATTLE 2.1 ESE, WA US",5/4/19,,,0,,,,
US1WAKG0225,"SEATTLE 2.1 ESE, WA US",5/5/19,,,0,,,,
US1WAKG0225,"SEATTLE 2.1 ESE, WA US",5/6/19,,,0,,,,
US1WAKG0225,"SEATTLE 2.1 ESE, WA US",5/7/19,,,0,,,,
US1WAKG0225,"SEATTLE 2.1 ESE, WA US",5/8/19,,,0,,,,
US1WAKG0225,"SEATTLE 2.1 ESE, WA US",5/9/19,,,0,,,,
US1WAKG0225,"SEATTLE 2.1 ESE, WA US",5/10/19,,,0,,,,
US1WAKG0225,"SEATTLE 2.1 ESE, WA US",5/11/19,,,0,,,,
US1WAKG0225,"SEATTLE 2.1 ESE, WA US",5/12/19,,,0,,,,
US1WAKG0225,"SEATTLE 2.1 ESE, WA US",5/13/19,,,0,,,,
US1WAKG0225,"SEATTLE 2.1 ESE, WA US",5/14/19,,,0.01,,,,
US1WAKG0225,"SEATTLE 2.1 ESE, WA US",5/15/19,,,0.14,,,,
US1WAKG0225,"SEATTLE 2.1 ESE, WA US",5/16/19,,,0.06,,,,
US1WAKG0225,"SEATTLE 2.1 ESE, WA US",5/17/19,,,0.6,,,,
US1WAKG0225,"SEATTLE 2.1 ESE, WA US",5/18/19,,,0.01,,,,
US1WAKG0225,"SEATTLE 2.1 ESE, WA US",5/19/19,,,0.01,,,,
US1WAKG0225,"SEATTLE 2.1 ESE, WA US",5/20/19,,,0.04,,,,
US1WAKG0225,"SEATTLE 2.1 ESE, WA US",5/21/19,,,0.15,,,,
US1WAKG0225,"SEATTLE 2.1 ESE, WA US",5/22/19,,,0.01,,,,
US1WAKG0225,"SEATTLE 2.1 ESE, WA US",5/23/19,,,0,,,,
US1WAKG0225,"SEATTLE 2.1 ESE, WA US",5/24/19,,,0,,,,
US1WAKG0225,"SEATTLE 2.1 ESE, WA US",5/25/19,,,0,,,,
US1WAKG0225,"SEATTLE 2.1 ESE, WA US",5/26/19,,,0.44,,,,
US1WAKG0225,"SEATTLE 2.1 ESE, WA US",5/27/19,,,0.01,,,,
US1WAKG0225,"SEATTLE 2.1 ESE, WA US",5/28/19,,,0,,,,
US1WAKG0225,"SEATTLE 2.1 ESE, WA US",5/29/19,,,0,,,,
US1WAKG0225,"SEATTLE 2.1 ESE, WA US",5/30/19,,,0,,,,
US1WAKG0225,"SEATTLE 2.1 ESE, WA US",5/31/19,,,0,,,,
US1WAKG0225,"SEATTLE 2.1 ESE, WA US",6/1/19,,,0,,,,
US1WAKG0225,"SEATTLE 2.1 ESE, WA US",6/2/19,,,0,,,,
US1WAKG0225,"SEATTLE 2.1 ESE, WA US",6/3/19,,,0,,,,
US1WAKG0225,"SEATTLE 2.1 ESE, WA US",6/4/19,,,0,,,,
US1WAKG0225,"SEATTLE 2.1 ESE, WA US",6/5/19,,,0,,,,
US1WAKG0225,"SEATTLE 2.1 ESE, WA US",6/6/19,,,0,,,,
US1WAKG0225,"SEATTLE 2.1 ESE, WA US",6/7/19,,,0.02,,,,
US1WAKG0225,"SEATTLE 2.1 ESE, WA US",6/8/19,,,0.1,,,,
US1WAKG0225,"SEATTLE 2.1 ESE, WA US",6/9/19,,,0,,,,
US1WAKG0225,"SEATTLE 2.1 ESE, WA US",6/10/19,,,0,,,,
US1WAKG0225,"SEATTLE 2.1 ESE, WA US",6/11/19,,,0,,,,
US1WAKG0225,"SEATTLE 2.1 ESE, WA US",6/12/19,,,0,,,,
US1WAKG0225,"SEATTLE 2.1 ESE, WA US",6/13/19,,,0,,,,
US1WAKG0225,"SEATTLE 2.1 ESE, WA US",6/14/19,,,0,,,,
US1WAKG0225,"SEATTLE 2.1 ESE, WA US",6/15/19,,,0,,,,
US1WAKG0225,"SEATTLE 2.1 ESE, WA US",6/16/19,,,0,,,,
US1WAKG0225,"SEATTLE 2.1 ESE, WA US",6/17/19,,,0,,,,
US1WAKG0225,"SEATTLE 2.1 ESE, WA US",6/18/19,,,0.12,,,,
US1WAKG0225,"SEATTLE 2.1 ESE, WA US",6/19/19,,,0.03,,,,
US1WAKG0225,"SEATTLE 2.1 ESE, WA US",6/20/19,,,0.31,,,,
US1WAKG0225,"SEATTLE 2.1 ESE, WA US",6/22/19,2,0.01,,,,,
US1WAKG0225,"SEATTLE 2.1 ESE, WA US",6/23/19,,,0.08,,,,
US1WAKG0225,"SEATTLE 2.1 ESE, WA US",6/24/19,,,0.02,,,,
US1WAKG0225,"SEATTLE 2.1 ESE, WA US",6/25/19,,,0.02,,,,
US1WAKG0225,"SEATTLE 2.1 ESE, WA US",6/26/19,,,0,,,,
US1WAKG0225,"SEATTLE 2.1 ESE, WA US",7/6/19,10,0.48,,,,,
US1WAKG0225,"SEATTLE 2.1 ESE, WA US",7/7/19,,,0.01,,,,
US1WAKG0225,"SEATTLE 2.1 ESE, WA US",7/8/19,,,0.15,,,,
US1WAKG0225,"SEATTLE 2.1 ESE, WA US",7/9/19,,,0.01,,,,
US1WAKG0225,"SEATTLE 2.1 ESE, WA US",7/10/19,,,0.22,,,,
US1WAKG0225,"SEATTLE 2.1 ESE, WA US",7/11/19,,,0.13,,,,
US1WAKG0225,"SEATTLE 2.1 ESE, WA US",7/12/19,,,0.01,,,,
US1WAKG0225,"SEATTLE 2.1 ESE, WA US",7/13/19,,,0,,,,
US1WAKG0225,"SEATTLE 2.1 ESE, WA US",7/14/19,,,0,,,,
US1WAKG0225,"SEATTLE 2.1 ESE, WA US",7/15/19,,,0,,,,
US1WAKG0225,"SEATTLE 2.1 ESE, WA US",7/16/19,,,0.07,,,,
US1WAKG0225,"SEATTLE 2.1 ESE, WA US",7/17/19,,,0.02,,,,
US1WAKG0225,"SEATTLE 2.1 ESE, WA US",7/18/19,,,0.13,,,,
US1WAKG0225,"SEATTLE 2.1 ESE, WA US",7/19/19,,,0.62,,,,
US1WAKG0225,"SEATTLE 2.1 ESE, WA US",7/20/19,,,0.02,,,,
US1WAKG0225,"SEATTLE 2.1 ESE, WA US",7/21/19,,,0,,,,
US1WAKG0225,"SEATTLE 2.1 ESE, WA US",7/22/19,,,0,,,,
US1WAKG0225,"SEATTLE 2.1 ESE, WA US",7/23/19,,,0,,,,
US1WAKG0225,"SEATTLE 2.1 ESE, WA US",7/24/19,,,0,,,,
US1WAKG0225,"SEATTLE 2.1 ESE, WA US",7/25/19,,,0,,,,
US1WAKG0225,"SEATTLE 2.1 ESE, WA US",7/26/19,,,0,,,,
US1WAKG0225,"SEATTLE 2.1 ESE, WA US",7/27/19,,,0,,,,
US1WAKG0225,"SEATTLE 2.1 ESE, WA US",7/28/19,,,0,,,,
US1WAKG0225,"SEATTLE 2.1 ESE, WA US",7/29/19,,,0,,,,
US1WAKG0225,"SEATTLE 2.1 ESE, WA US",7/30/19,,,0,,,,
US1WAKG0225,"SEATTLE 2.1 ESE, WA US",7/31/19,,,0,,,,
US1WAKG0225,"SEATTLE 2.1 ESE, WA US",8/1/19,,,0,,,,
US1WAKG0225,"SEATTLE 2.1 ESE, WA US",8/2/19,,,0.25,,,,
US1WAKG0225,"SEATTLE 2.1 ESE, WA US",8/3/19,,,0,,,,
US1WAKG0225,"SEATTLE 2.1 ESE, WA US",8/4/19,,,0,,,,
US1WAKG0225,"SEATTLE 2.1 ESE, WA US",8/5/19,,,0,,,,
US1WAKG0225,"SEATTLE 2.1 ESE, WA US",8/6/19,,,0,,,,
US1WAKG0225,"SEATTLE 2.1 ESE, WA US",8/7/19,,,0,,,,
US1WAKG0225,"SEATTLE 2.1 ESE, WA US",8/8/19,,,0,,,,
US1WAKG0225,"SEATTLE 2.1 ESE, WA US",8/9/19,,,0,,,,
US1WAKG0225,"SEATTLE 2.1 ESE, WA US",8/10/19,,,0.47,,,,
US1WAKG0225,"SEATTLE 2.1 ESE, WA US",8/11/19,,,0.18,,,,
US1WAKG0225,"SEATTLE 2.1 ESE, WA US",8/12/19,,,0.01,,,,
US1WAKG0225,"SEATTLE 2.1 ESE, WA US",8/13/19,,,0,,,,
US1WAKG0225,"SEATTLE 2.1 ESE, WA US",8/14/19,,,0,,,,
US1WAKG0225,"SEATTLE 2.1 ESE, WA US",8/21/19,7,0.14,,,,,
US1WAKG0225,"SEATTLE 2.1 ESE, WA US",8/22/19,,,0.13,,,,
US1WAKG0225,"SEATTLE 2.1 ESE, WA US",8/23/19,,,0,,,,
US1WAKG0225,"SEATTLE 2.1 ESE, WA US",8/24/19,,,0,,,,
US1WAKG0225,"SEATTLE 2.1 ESE, WA US",8/25/19,,,0,,,,
US1WAKG0225,"SEATTLE 2.1 ESE, WA US",8/26/19,,,0,,,,
US1WAKG0225,"SEATTLE 2.1 ESE, WA US",8/27/19,,,0,,,,
US1WAKG0225,"SEATTLE 2.1 ESE, WA US",8/28/19,,,0,,,,
US1WAKG0225,"SEATTLE 2.1 ESE, WA US",8/29/19,,,0,,,,
US1WAKG0225,"SEATTLE 2.1 ESE, WA US",8/30/19,,,0.22,,,,
US1WAKG0225,"SEATTLE 2.1 ESE, WA US",8/31/19,,,0.01,,,,
US1WAKG0225,"SEATTLE 2.1 ESE, WA US",9/1/19,,,0,,,,
US1WAKG0225,"SEATTLE 2.1 ESE, WA US",9/2/19,,,0,,,,
US1WAKG0225,"SEATTLE 2.1 ESE, WA US",9/3/19,,,0,,,,
US1WAKG0225,"SEATTLE 2.1 ESE, WA US",9/4/19,,,0,,,,
US1WAKG0225,"SEATTLE 2.1 ESE, WA US",9/5/19,,,0,,,,
US1WAKG0225,"SEATTLE 2.1 ESE, WA US",9/6/19,,,0,,,,
US1WAKG0225,"SEATTLE 2.1 ESE, WA US",9/7/19,,,0,,,,
US1WAKG0225,"SEATTLE 2.1 ESE, WA US",9/8/19,,,0.61,,,,
US1WAKG0225,"SEATTLE 2.1 ESE, WA US",9/9/19,,,0.1,,,,
US1WAKG0225,"SEATTLE 2.1 ESE, WA US",9/10/19,,,0.55,,,,
US1WAKG0225,"SEATTLE 2.1 ESE, WA US",9/11/19,,,0.02,,,,
US1WAKG0225,"SEATTLE 2.1 ESE, WA US",9/12/19,,,0,,,,
US1WAKG0225,"SEATTLE 2.1 ESE, WA US",9/13/19,,,0.21,,,,
US1WAKG0225,"SEATTLE 2.1 ESE, WA US",9/14/19,,,0.01,,,,
US1WAKG0225,"SEATTLE 2.1 ESE, WA US",9/15/19,,,0.35,,,,
US1WAKG0225,"SEATTLE 2.1 ESE, WA US",9/16/19,,,0.19,,,,
US1WAKG0225,"SEATTLE 2.1 ESE, WA US",9/17/19,,,0.04,,,,
US1WAKG0225,"SEATTLE 2.1 ESE, WA US",9/18/19,,,0.32,,,,
US1WAKG0225,"SEATTLE 2.1 ESE, WA US",9/19/19,,,0,,,,
US1WAKG0225,"SEATTLE 2.1 ESE, WA US",9/20/19,,,0.02,,,,
US1WAKG0225,"SEATTLE 2.1 ESE, WA US",9/21/19,,,0,,,,
US1WAKG0225,"SEATTLE 2.1 ESE, WA US",9/22/19,,,0.02,,,,
US1WAKG0225,"SEATTLE 2.1 ESE, WA US",9/23/19,,,0.32,,,,
US1WAKG0225,"SEATTLE 2.1 ESE, WA US",9/24/19,,,0.16,,,,
US1WAKG0225,"SEATTLE 2.1 ESE, WA US",9/25/19,,,0,,,,
US1WAKG0225,"SEATTLE 2.1 ESE, WA US",9/26/19,,,0.04,,,,
US1WAKG0225,"SEATTLE 2.1 ESE, WA US",9/27/19,,,0.31,,,,
US1WAKG0225,"SEATTLE 2.1 ESE, WA US",9/28/19,,,0.23,,,,
US1WAKG0225,"SEATTLE 2.1 ESE, WA US",9/29/19,,,0.25,,,,
US1WAKG0225,"SEATTLE 2.1 ESE, WA US",9/30/19,,,0.03,,,,
US1WAKG0225,"SEATTLE 2.1 ESE, WA US",10/1/19,,,0,,,,
US1WAKG0225,"SEATTLE 2.1 ESE, WA US",10/2/19,,,0,,,,
US1WAKG0225,"SEATTLE 2.1 ESE, WA US",10/3/19,,,0.02,,,,
US1WAKG0225,"SEATTLE 2.1 ESE, WA US",10/4/19,,,0.08,,,,
US1WAKG0225,"SEATTLE 2.1 ESE, WA US",10/5/19,,,0.01,,,,
US1WAKG0225,"SEATTLE 2.1 ESE, WA US",10/6/19,,,0,,,,
US1WAKG0225,"SEATTLE 2.1 ESE, WA US",10/7/19,,,0,,,,
US1WAKG0225,"SEATTLE 2.1 ESE, WA US",10/8/19,,,0,,,,
US1WAKG0225,"SEATTLE 2.1 ESE, WA US",10/9/19,,,0.2,,,,
US1WAKG0225,"SEATTLE 2.1 ESE, WA US",10/10/19,,,0,,,,
US1WAKG0225,"SEATTLE 2.1 ESE, WA US",10/11/19,,,0,,,,
US1WAKG0225,"SEATTLE 2.1 ESE, WA US",10/12/19,,,0,,,,
US1WAKG0225,"SEATTLE 2.1 ESE, WA US",10/13/19,,,0,,,,
US1WAKG0225,"SEATTLE 2.1 ESE, WA US",10/14/19,,,0,,,,
US1WAKG0225,"SEATTLE 2.1 ESE, WA US",10/15/19,,,0,,,,
US1WAKG0225,"SEATTLE 2.1 ESE, WA US",10/16/19,,,0.13,,,,
US1WAKG0225,"SEATTLE 2.1 ESE, WA US",10/17/19,,,0.26,,,,
US1WAKG0225,"SEATTLE 2.1 ESE, WA US",10/18/19,,,0.11,,,,
US1WAKG0225,"SEATTLE 2.1 ESE, WA US",10/19/19,,,0.96,,,,
US1WAKG0225,"SEATTLE 2.1 ESE, WA US",10/20/19,,,0.18,,,,
US1WAKG0225,"SEATTLE 2.1 ESE, WA US",10/21/19,,,0.27,,,,
US1WAKG0225,"SEATTLE 2.1 ESE, WA US",10/22/19,,,0.22,,,,
US1WAKG0225,"SEATTLE 2.1 ESE, WA US",10/23/19,,,0.06,,,,
US1WAKG0225,"SEATTLE 2.1 ESE, WA US",10/24/19,,,0.02,,,,
US1WAKG0225,"SEATTLE 2.1 ESE, WA US",10/25/19,,,0,,,,
US1WAKG0225,"SEATTLE 2.1 ESE, WA US",10/26/19,,,0.31,,,,
US1WAKG0225,"SEATTLE 2.1 ESE, WA US",10/27/19,,,0.03,,,,
US1WAKG0225,"SEATTLE 2.1 ESE, WA US",10/28/19,,,0,,,,
US1WAKG0225,"SEATTLE 2.1 ESE, WA US",10/29/19,,,0,0,,,
US1WAKG0225,"SEATTLE 2.1 ESE, WA US",10/30/19,,,0,,,,
US1WAKG0225,"SEATTLE 2.1 ESE, WA US",10/31/19,,,0,,,,
US1WAKG0225,"SEATTLE 2.1 ESE, WA US",11/1/19,,,0,,,,
US1WAKG0225,"SEATTLE 2.1 ESE, WA US",11/2/19,,,0,,,,
US1WAKG0225,"SEATTLE 2.1 ESE, WA US",11/3/19,,,0,,,,
US1WAKG0225,"SEATTLE 2.1 ESE, WA US",11/4/19,,,0,,,,
US1WAKG0225,"SEATTLE 2.1 ESE, WA US",11/5/19,,,0,,,,
US1WAKG0225,"SEATTLE 2.1 ESE, WA US",11/6/19,,,0,,,,
US1WAKG0225,"SEATTLE 2.1 ESE, WA US",11/7/19,,,0,,,,
US1WAKG0225,"SEATTLE 2.1 ESE, WA US",11/8/19,,,0,,,,
US1WAKG0225,"SEATTLE 2.1 ESE, WA US",11/9/19,,,0.1,,,,
US1WAKG0225,"SEATTLE 2.1 ESE, WA US",11/10/19,,,0.21,,,,
US1WAKG0225,"SEATTLE 2.1 ESE, WA US",11/11/19,,,0,,,,
US1WAKG0225,"SEATTLE 2.1 ESE, WA US",11/12/19,,,0.25,,,,
US1WAKG0225,"SEATTLE 2.1 ESE, WA US",11/13/19,,,0.04,,,,
US1WAKG0225,"SEATTLE 2.1 ESE, WA US",11/14/19,,,0,,,,
US1WAKG0225,"SEATTLE 2.1 ESE, WA US",11/15/19,,,0.19,,,,
US1WAKG0225,"SEATTLE 2.1 ESE, WA US",11/16/19,,,0.02,,,,
US1WAKG0225,"SEATTLE 2.1 ESE, WA US",11/17/19,,,0.11,,,,
US1WAKG0225,"SEATTLE 2.1 ESE, WA US",11/18/19,,,0.22,,,,
US1WAKG0225,"SEATTLE 2.1 ESE, WA US",11/19/19,,,0.73,,,,
US1WAKG0225,"SEATTLE 2.1 ESE, WA US",11/20/19,,,0.03,,,,
US1WAKG0225,"SEATTLE 2.1 ESE, WA US",11/21/19,,,0,,,,
US1WAKG0225,"SEATTLE 2.1 ESE, WA US",11/22/19,,,0,,,,
US1WAKG0225,"SEATTLE 2.1 ESE, WA US",11/30/19,8,0.32,,,,,
US1WAKG0225,"SEATTLE 2.1 ESE, WA US",12/1/19,,,0,,,,
US1WAKG0225,"SEATTLE 2.1 ESE, WA US",12/2/19,,,0.03,,,,
US1WAKG0225,"SEATTLE 2.1 ESE, WA US",12/3/19,,,0,,,,
US1WAKG0225,"SEATTLE 2.1 ESE, WA US",12/4/19,,,0.02,,,,
US1WAKG0225,"SEATTLE 2.1 ESE, WA US",12/5/19,,,0.03,,,,
US1WAKG0225,"SEATTLE 2.1 ESE, WA US",12/6/19,,,0,,,,
US1WAKG0225,"SEATTLE 2.1 ESE, WA US",12/7/19,,,0.3,,,,
US1WAKG0225,"SEATTLE 2.1 ESE, WA US",12/8/19,,,0.17,,,,
US1WAKG0225,"SEATTLE 2.1 ESE, WA US",12/9/19,,,0.02,,,,
US1WAKG0225,"SEATTLE 2.1 ESE, WA US",12/10/19,,,0,,,,
US1WAKG0225,"SEATTLE 2.1 ESE, WA US",12/11/19,,,0.17,,,,
US1WAKG0225,"SEATTLE 2.1 ESE, WA US",12/12/19,,,0.43,,,,
US1WAKG0225,"SEATTLE 2.1 ESE, WA US",12/13/19,,,0.09,,,,
US1WAKG0225,"SEATTLE 2.1 ESE, WA US",12/14/19,,,0.03,,,,
US1WAKG0225,"SEATTLE 2.1 ESE, WA US",12/15/19,,,0.36,,,,
US1WAKG0225,"SEATTLE 2.1 ESE, WA US",12/16/19,,,0.08,,,,
US1WAKG0225,"SEATTLE 2.1 ESE, WA US",12/17/19,,,0.02,,,,
US1WAKG0225,"SEATTLE 2.1 ESE, WA US",12/18/19,,,0,,,,
US1WAKG0225,"SEATTLE 2.1 ESE, WA US",12/19/19,,,0.35,,,,
US1WAKG0225,"SEATTLE 2.1 ESE, WA US",12/20/19,,,1.9,,,,
US1WAKG0225,"SEATTLE 2.1 ESE, WA US",12/21/19,,,2.6,,,,
US1WAKG0225,"SEATTLE 2.1 ESE, WA US",12/22/19,,,0.33,,,,
US1WAKG0225,"SEATTLE 2.1 ESE, WA US",12/23/19,,,0.4,,,,
US1WAKG0225,"SEATTLE 2.1 ESE, WA US",12/24/19,,,0.05,,,,
US1WAKG0225,"SEATTLE 2.1 ESE, WA US",12/25/19,,,0.02,,,,
US1WAKG0225,"SEATTLE 2.1 ESE, WA US",12/26/19,,,0,,,,
US1WAKG0225,"SEATTLE 2.1 ESE, WA US",12/27/19,,,0.03,,,,
US1WAKG0225,"SEATTLE 2.1 ESE, WA US",12/28/19,,,0,,,,
US1WAKG0225,"SEATTLE 2.1 ESE, WA US",12/29/19,,,0.02,,,,
US1WAKG0225,"SEATTLE 2.1 ESE, WA US",12/30/19,,,0.07,,,,
US1WAKG0225,"SEATTLE 2.1 ESE, WA US",12/31/19,,,0.03,,,,
US1WAKG0225,"SEATTLE 2.1 ESE, WA US",1/1/20,,,0.15,,,,
US1WAKG0225,"SEATTLE 2.1 ESE, WA US",1/2/20,,,0.33,,,,
US1WAKG0225,"SEATTLE 2.1 ESE, WA US",1/3/20,,,0.19,,,,
US1WAKG0225,"SEATTLE 2.1 ESE, WA US",1/6/20,3,0.52,,,,,
US1WAKG0225,"SEATTLE 2.1 ESE, WA US",1/7/20,,,0.48,,,,
US1WAKG0225,"SEATTLE 2.1 ESE, WA US",1/8/20,,,0.05,,,,
US1WAKG0225,"SEATTLE 2.1 ESE, WA US",1/9/20,,,0.04,0,0,0,0
US1WAKG0225,"SEATTLE 2.1 ESE, WA US",1/10/20,,,0.15,0,,,0
US1WAKG0225,"SEATTLE 2.1 ESE, WA US",1/11/20,,,0.43,,,,
US1WAKG0225,"SEATTLE 2.1 ESE, WA US",1/12/20,,,0.12,,,,
US1WAKG0225,"SEATTLE 2.1 ESE, WA US",1/13/20,,,0.11,1,1,0.1,0.1
US1WAKG0225,"SEATTLE 2.1 ESE, WA US",1/14/20,,,0.19,1,1.5,0.3,0.2
US1WAKG0225,"SEATTLE 2.1 ESE, WA US",1/15/20,,,0.01,0.2,1.5,0.3,0
US1WAKG0225,"SEATTLE 2.1 ESE, WA US",1/16/20,,,0.07,0,0.5,,
US1WAKG0225,"SEATTLE 2.1 ESE, WA US",1/17/20,,,0.01,0,0,,0
US1WAKG0225,"SEATTLE 2.1 ESE, WA US",1/18/20,,,0.45,,0,0,
US1WAKG0225,"SEATTLE 2.1 ESE, WA US",1/19/20,,,0.04,,,,
US1WAKG0225,"SEATTLE 2.1 ESE, WA US",1/20/20,,,0.08,,,,
US1WAKG0225,"SEATTLE 2.1 ESE, WA US",1/21/20,,,0.22,,,,
US1WAKG0225,"SEATTLE 2.1 ESE, WA US",1/22/20,,,0.76,,,,
US1WAKG0225,"SEATTLE 2.1 ESE, WA US",1/23/20,,,0.45,,,,
US1WAKG0225,"SEATTLE 2.1 ESE, WA US",1/24/20,,,0.8,,,,
US1WAKG0225,"SEATTLE 2.1 ESE, WA US",1/25/20,,,0.4,,,,
US1WAKG0225,"SEATTLE 2.1 ESE, WA US",1/26/20,,,0.26,,,,
US1WAKG0225,"SEATTLE 2.1 ESE, WA US",1/27/20,,,0.17,,,,
US1WAKG0225,"SEATTLE 2.1 ESE, WA US",1/28/20,,,0.98,,,,
US1WAKG0225,"SEATTLE 2.1 ESE, WA US",1/29/20,,,0.05,,,,
US1WAKG0225,"SEATTLE 2.1 ESE, WA US",1/30/20,,,0.2,,,,
US1WAKG0225,"SEATTLE 2.1 ESE, WA US",1/31/20,,,0.22,,,,
US1WAKG0225,"SEATTLE 2.1 ESE, WA US",2/1/20,,,1.44,,,,
US1WAKG0225,"SEATTLE 2.1 ESE, WA US",2/2/20,,,0.01,,,,
US1WAKG0225,"SEATTLE 2.1 ESE, WA US",2/3/20,,,0.03,0,,,
US1WAKG0225,"SEATTLE 2.1 ESE, WA US",2/4/20,,,0.01,,,,
US1WAKG0225,"SEATTLE 2.1 ESE, WA US",2/5/20,,,0.69,0,,,
US1WAKG0225,"SEATTLE 2.1 ESE, WA US",2/6/20,,,1.34,,,,
US1WAKG0225,"SEATTLE 2.1 ESE, WA US",2/7/20,,,0.58,,,,
US1WAKG0225,"SEATTLE 2.1 ESE, WA US",2/8/20,,,0.2,,,,
US1WAKG0225,"SEATTLE 2.1 ESE, WA US",2/9/20,,,0.03,,,,
US1WAKG0225,"SEATTLE 2.1 ESE, WA US",2/10/20,,,0,,,,
US1WAKG0225,"SEATTLE 2.1 ESE, WA US",2/11/20,,,0,,,,
US1WAKG0225,"SEATTLE 2.1 ESE, WA US",2/12/20,,,0.03,,,,
US1WAKG0225,"SEATTLE 2.1 ESE, WA US",2/13/20,,,0,,,,
US1WAKG0225,"SEATTLE 2.1 ESE, WA US",2/14/20,,,0.1,,,,
US1WAKG0225,"SEATTLE 2.1 ESE, WA US",2/15/20,,,0.07,,,,
US1WAKG0225,"SEATTLE 2.1 ESE, WA US",2/26/20,11,0.44,,,,,
US1WAKG0225,"SEATTLE 2.1 ESE, WA US",2/27/20,,,0.01,,,,
US1WAKG0225,"SEATTLE 2.1 ESE, WA US",2/28/20,,,0,,,,
US1WAKG0225,"SEATTLE 2.1 ESE, WA US",2/29/20,,,0.12,,,,
US1WAKG0225,"SEATTLE 2.1 ESE, WA US",3/1/20,,,0.01,,,,
US1WAKG0225,"SEATTLE 2.1 ESE, WA US",3/2/20,,,0.02,,,,
US1WAKG0225,"SEATTLE 2.1 ESE, WA US",3/3/20,,,0.12,,,,
US1WAKG0225,"SEATTLE 2.1 ESE, WA US",3/4/20,,,0.01,,,,
US1WAKG0225,"SEATTLE 2.1 ESE, WA US",3/5/20,,,0,,,,
US1WAKG0225,"SEATTLE 2.1 ESE, WA US",3/6/20,,,0.71,,,,
US1WAKG0225,"SEATTLE 2.1 ESE, WA US",3/7/20,,,0.12,,,,
US1WAKG0225,"SEATTLE 2.1 ESE, WA US",3/8/20,,,0.23,,,,
US1WAKG0225,"SEATTLE 2.1 ESE, WA US",3/9/20,,,0.02,,,,
US1WAKG0225,"SEATTLE 2.1 ESE, WA US",3/10/20,,,0,,,,
US1WAKG0225,"SEATTLE 2.1 ESE, WA US",3/11/20,,,0.07,,,,
US1WAKG0225,"SEATTLE 2.1 ESE, WA US",3/12/20,,,0.02,,,,
US1WAKG0225,"SEATTLE 2.1 ESE, WA US",3/13/20,,,0.1,,,,
US1WAKG0225,"SEATTLE 2.1 ESE, WA US",3/14/20,,,0.29,0,,,0
US1WAKG0225,"SEATTLE 2.1 ESE, WA US",3/15/20,,,0,,,,
US1WAKG0225,"SEATTLE 2.1 ESE, WA US",3/16/20,,,0,,,,
US1WAKG0225,"SEATTLE 2.1 ESE, WA US",3/17/20,,,0,,,,
US1WAKG0225,"SEATTLE 2.1 ESE, WA US",3/18/20,,,0,,,,
US1WAKG0225,"SEATTLE 2.1 ESE, WA US",3/19/20,,,0,,,,
US1WAKG0225,"SEATTLE 2.1 ESE, WA US",3/20/20,,,0,,,,
US1WAKG0225,"SEATTLE 2.1 ESE, WA US",3/21/20,,,0,,,,
US1WAKG0225,"SEATTLE 2.1 ESE, WA US",3/22/20,,,0,,,,
US1WAKG0225,"SEATTLE 2.1 ESE, WA US",3/23/20,,,0,,,,
US1WAKG0225,"SEATTLE 2.1 ESE, WA US",3/24/20,,,0,,,,
US1WAKG0225,"SEATTLE 2.1 ESE, WA US",3/25/20,,,0.34,,,,
US1WAKG0225,"SEATTLE 2.1 ESE, WA US",3/26/20,,,0.03,,,,
US1WAKG0225,"SEATTLE 2.1 ESE, WA US",3/27/20,,,0.02,,,,
US1WAKG0225,"SEATTLE 2.1 ESE, WA US",3/28/20,,,0.03,,,,
US1WAKG0225,"SEATTLE 2.1 ESE, WA US",3/29/20,,,0.64,,,,
US1WAKG0225,"SEATTLE 2.1 ESE, WA US",3/30/20,,,0.35,,,,
US1WAKG0225,"SEATTLE 2.1 ESE, WA US",3/31/20,,,0.49,,,,
US1WAKG0225,"SEATTLE 2.1 ESE, WA US",4/1/20,,,0.1,,,,
US1WAKG0225,"SEATTLE 2.1 ESE, WA US",4/2/20,,,0.01,,,,
US1WAKG0225,"SEATTLE 2.1 ESE, WA US",4/3/20,,,0,,,,
US1WAKG0225,"SEATTLE 2.1 ESE, WA US",4/4/20,,,0.02,,,,
US1WAKG0225,"SEATTLE 2.1 ESE, WA US",4/5/20,,,0,,,,
US1WAKG0225,"SEATTLE 2.1 ESE, WA US",4/6/20,,,0,,,,
US1WAKG0225,"SEATTLE 2.1 ESE, WA US",4/7/20,,,0,,,,
US1WAKG0225,"SEATTLE 2.1 ESE, WA US",4/8/20,,,0,,,,
US1WAKG0225,"SEATTLE 2.1 ESE, WA US",4/9/20,,,0,,,,
US1WAKG0225,"SEATTLE 2.1 ESE, WA US",4/10/20,,,0,,,,
US1WAKG0225,"SEATTLE 2.1 ESE, WA US",4/11/20,,,0,,,,
US1WAKG0225,"SEATTLE 2.1 ESE, WA US",4/12/20,,,0,,,,
US1WAKG0225,"SEATTLE 2.1 ESE, WA US",4/13/20,,,0,,,,
US1WAKG0225,"SEATTLE 2.1 ESE, WA US",4/14/20,,,0,,,,
US1WAKG0225,"SEATTLE 2.1 ESE, WA US",4/15/20,,,0,,,,
US1WAKG0225,"SEATTLE 2.1 ESE, WA US",4/16/20,,,0,,,,
US1WAKG0225,"SEATTLE 2.1 ESE, WA US",4/17/20,,,0,,,,
US1WAKG0225,"SEATTLE 2.1 ESE, WA US",4/18/20,,,0.02,,,,
US1WAKG0225,"SEATTLE 2.1 ESE, WA US",4/19/20,,,0.05,,,,
US1WAKG0225,"SEATTLE 2.1 ESE, WA US",4/20/20,,,0,,,,
US1WAKG0225,"SEATTLE 2.1 ESE, WA US",4/21/20,,,0,,,,
US1WAKG0225,"SEATTLE 2.1 ESE, WA US",4/22/20,,,0.03,,,,
US1WAKG0225,"SEATTLE 2.1 ESE, WA US",4/23/20,,,0.82,,,,
US1WAKG0225,"SEATTLE 2.1 ESE, WA US",4/24/20,,,0.11,,,,
US1WAKG0225,"SEATTLE 2.1 ESE, WA US",4/25/20,,,0.12,,,,
US1WAKG0225,"SEATTLE 2.1 ESE, WA US",4/26/20,,,0.2,,,,
US1WAKG0225,"SEATTLE 2.1 ESE, WA US",4/27/20,,,0.19,,,,
US1WAKG0225,"SEATTLE 2.1 ESE, WA US",4/28/20,,,0.01,,,,
US1WAKG0225,"SEATTLE 2.1 ESE, WA US",4/29/20,,,0.01,,,,
US1WAKG0225,"SEATTLE 2.1 ESE, WA US",4/30/20,,,0.04,,,,
US1WAKG0225,"SEATTLE 2.1 ESE, WA US",5/1/20,,,0.01,,,,
US1WAKG0225,"SEATTLE 2.1 ESE, WA US",5/2/20,,,0.06,,,,
US1WAKG0225,"SEATTLE 2.1 ESE, WA US",5/3/20,,,0.19,,,,
US1WAKG0225,"SEATTLE 2.1 ESE, WA US",5/4/20,,,0,,,,
US1WAKG0225,"SEATTLE 2.1 ESE, WA US",5/5/20,,,0,,,,
US1WAKG0225,"SEATTLE 2.1 ESE, WA US",5/6/20,,,0.01,,,,
US1WAKG0225,"SEATTLE 2.1 ESE, WA US",5/7/20,,,0.02,,,,
US1WAKG0225,"SEATTLE 2.1 ESE, WA US",5/8/20,,,0,,,,
US1WAKG0225,"SEATTLE 2.1 ESE, WA US",5/9/20,,,0,,,,
US1WAKG0225,"SEATTLE 2.1 ESE, WA US",5/10/20,,,0,,,,
US1WAKG0225,"SEATTLE 2.1 ESE, WA US",5/11/20,,,0,,,,
US1WAKG0225,"SEATTLE 2.1 ESE, WA US",5/12/20,,,0.06,,,,
US1WAKG0225,"SEATTLE 2.1 ESE, WA US",5/13/20,,,0.03,,,,
US1WAKG0225,"SEATTLE 2.1 ESE, WA US",5/14/20,,,0.06,,,,
US1WAKG0225,"SEATTLE 2.1 ESE, WA US",5/15/20,,,0.13,,,,
US1WAKG0225,"SEATTLE 2.1 ESE, WA US",5/16/20,,,0.02,,,,
US1WAKG0225,"SEATTLE 2.1 ESE, WA US",5/17/20,,,0.66,,,,
US1WAKG0225,"SEATTLE 2.1 ESE, WA US",5/18/20,,,0.02,,,,
US1WAKG0225,"SEATTLE 2.1 ESE, WA US",5/19/20,,,0,,,,
US1WAKG0225,"SEATTLE 2.1 ESE, WA US",5/20/20,,,0,,,,
US1WAKG0225,"SEATTLE 2.1 ESE, WA US",5/21/20,,,0.32,,,,
US1WAKG0225,"SEATTLE 2.1 ESE, WA US",5/22/20,,,0.17,,,,
US1WAKG0225,"SEATTLE 2.1 ESE, WA US",5/23/20,,,0.45,,,,
US1WAKG0225,"SEATTLE 2.1 ESE, WA US",5/24/20,,,0,,,,
US1WAKG0225,"SEATTLE 2.1 ESE, WA US",5/25/20,,,0.06,,,,
US1WAKG0225,"SEATTLE 2.1 ESE, WA US",5/26/20,,,0.1,,,,
US1WAKG0225,"SEATTLE 2.1 ESE, WA US",5/27/20,,,0.02,,,,
US1WAKG0225,"SEATTLE 2.1 ESE, WA US",5/28/20,,,0,,,,
US1WAKG0225,"SEATTLE 2.1 ESE, WA US",5/29/20,,,0,,,,
US1WAKG0225,"SEATTLE 2.1 ESE, WA US",5/30/20,,,0,,,,
US1WAKG0225,"SEATTLE 2.1 ESE, WA US",5/31/20,,,1.29,,,,
US1WAKG0225,"SEATTLE 2.1 ESE, WA US",6/1/20,,,0.04,,,,
US1WAKG0225,"SEATTLE 2.1 ESE, WA US",6/2/20,,,0,,,,
US1WAKG0225,"SEATTLE 2.1 ESE, WA US",6/3/20,,,0.02,,,,
US1WAKG0225,"SEATTLE 2.1 ESE, WA US",6/4/20,,,0,,,,
US1WAKG0225,"SEATTLE 2.1 ESE, WA US",6/5/20,,,0,,,,
US1WAKG0225,"SEATTLE 2.1 ESE, WA US",6/6/20,,,0,,,,
US1WAKG0225,"SEATTLE 2.1 ESE, WA US",6/7/20,,,0.04,,,,
US1WAKG0225,"SEATTLE 2.1 ESE, WA US",6/8/20,,,0.05,,,,
US1WAKG0225,"SEATTLE 2.1 ESE, WA US",6/9/20,,,0.1,,,,
US1WAKG0225,"SEATTLE 2.1 ESE, WA US",6/10/20,,,0.21,,,,
US1WAKG0225,"SEATTLE 2.1 ESE, WA US",6/11/20,,,0.03,,,,
US1WAKG0225,"SEATTLE 2.1 ESE, WA US",6/12/20,,,0.17,,,,
US1WAKG0225,"SEATTLE 2.1 ESE, WA US",6/13/20,,,0.25,,,,
US1WAKG0225,"SEATTLE 2.1 ESE, WA US",6/14/20,,,0.04,,,,
US1WAKG0225,"SEATTLE 2.1 ESE, WA US",6/15/20,,,0.08,,,,
US1WAKG0225,"SEATTLE 2.1 ESE, WA US",6/16/20,,,0.09,,,,
US1WAKG0225,"SEATTLE 2.1 ESE, WA US",6/17/20,,,0.01,,,,
US1WAKG0225,"SEATTLE 2.1 ESE, WA US",6/18/20,,,0,,,,
US1WAKG0225,"SEATTLE 2.1 ESE, WA US",6/19/20,,,0,,,,
US1WAKG0225,"SEATTLE 2.1 ESE, WA US",6/20/20,,,0.01,,,,
US1WAKG0225,"SEATTLE 2.1 ESE, WA US",6/21/20,,,0.06,,,,
US1WAKG0225,"SEATTLE 2.1 ESE, WA US",6/22/20,,,0,,,,
US1WAKG0225,"SEATTLE 2.1 ESE, WA US",6/23/20,,,0,,,,
US1WAKG0225,"SEATTLE 2.1 ESE, WA US",6/24/20,,,0,,,,
US1WAKG0225,"SEATTLE 2.1 ESE, WA US",6/25/20,,,0,,,,
US1WAKG0225,"SEATTLE 2.1 ESE, WA US",6/26/20,,,0,,,,
US1WAKG0225,"SEATTLE 2.1 ESE, WA US",6/27/20,,,0.01,,,,
US1WAKG0225,"SEATTLE 2.1 ESE, WA US",6/28/20,,,0.54,,,,
US1WAKG0225,"SEATTLE 2.1 ESE, WA US",6/29/20,,,0.01,,,,
US1WAKG0225,"SEATTLE 2.1 ESE, WA US",6/30/20,,,0.04,,,,
US1WAKG0225,"SEATTLE 2.1 ESE, WA US",7/1/20,,,0.07,,,,
US1WAKG0225,"SEATTLE 2.1 ESE, WA US",7/2/20,,,0.03,,,,
US1WAKG0225,"SEATTLE 2.1 ESE, WA US",7/3/20,,,0.01,,,,
US1WAKG0225,"SEATTLE 2.1 ESE, WA US",7/4/20,,,0,,,,
US1WAKG0225,"SEATTLE 2.1 ESE, WA US",7/5/20,,,0,,,,
US1WAKG0225,"SEATTLE 2.1 ESE, WA US",7/6/20,,,0,,,,
US1WAKG0225,"SEATTLE 2.1 ESE, WA US",7/7/20,,,0,,,,
US1WAKG0225,"SEATTLE 2.1 ESE, WA US",7/8/20,,,0,,,,
US1WAKG0225,"SEATTLE 2.1 ESE, WA US",7/9/20,,,0.01,,,,
US1WAKG0225,"SEATTLE 2.1 ESE, WA US",7/10/20,,,0.01,,,,
US1WAKG0225,"SEATTLE 2.1 ESE, WA US",7/11/20,,,0.01,,,,
US1WAKG0225,"SEATTLE 2.1 ESE, WA US",7/12/20,,,0.03,,,,
US1WAKG0225,"SEATTLE 2.1 ESE, WA US",7/13/20,,,0.05,,,,
US1WAKG0225,"SEATTLE 2.1 ESE, WA US",7/14/20,,,0,,,,
US1WAKG0225,"SEATTLE 2.1 ESE, WA US",7/15/20,,,0,,,,
US1WAKG0225,"SEATTLE 2.1 ESE, WA US",7/16/20,,,0,,,,
US1WAKG0225,"SEATTLE 2.1 ESE, WA US",7/17/20,,,0.04,,,,
US1WAKG0225,"SEATTLE 2.1 ESE, WA US",7/18/20,,,0.02,,,,
US1WAKG0225,"SEATTLE 2.1 ESE, WA US",7/19/20,,,0,,,,
US1WAKG0225,"SEATTLE 2.1 ESE, WA US",7/20/20,,,0,,,,
US1WAKG0225,"SEATTLE 2.1 ESE, WA US",7/21/20,,,0,,,,
US1WAKG0225,"SEATTLE 2.1 ESE, WA US",7/22/20,,,0.03,,,,
US1WAKG0225,"SEATTLE 2.1 ESE, WA US",7/23/20,,,0,,,,
US1WAKG0225,"SEATTLE 2.1 ESE, WA US",7/24/20,,,0,,,,
US1WAKG0225,"SEATTLE 2.1 ESE, WA US",7/25/20,,,0,,,,
US1WAKG0225,"SEATTLE 2.1 ESE, WA US",7/26/20,,,0,,,,
US1WAKG0225,"SEATTLE 2.1 ESE, WA US",7/27/20,,,0,,,,
US1WAKG0225,"SEATTLE 2.1 ESE, WA US",7/28/20,,,0,,,,
US1WAKG0225,"SEATTLE 2.1 ESE, WA US",7/29/20,,,0,,,,
US1WAKG0225,"SEATTLE 2.1 ESE, WA US",7/30/20,,,0,,,,
US1WAKG0225,"SEATTLE 2.1 ESE, WA US",7/31/20,,,0,,,,
US1WAKG0225,"SEATTLE 2.1 ESE, WA US",8/1/20,,,0,,,,
US1WAKG0225,"SEATTLE 2.1 ESE, WA US",8/2/20,,,0,,,,
US1WAKG0225,"SEATTLE 2.1 ESE, WA US",8/3/20,,,0,,,,
US1WAKG0225,"SEATTLE 2.1 ESE, WA US",8/4/20,,,0,,,,
US1WAKG0225,"SEATTLE 2.1 ESE, WA US",8/5/20,,,0,,,,
US1WAKG0225,"SEATTLE 2.1 ESE, WA US",8/6/20,,,0.05,,,,
US1WAKG0225,"SEATTLE 2.1 ESE, WA US",8/7/20,,,0.28,,,,
US1WAKG0225,"SEATTLE 2.1 ESE, WA US",8/8/20,,,0.02,,,,
US1WAKG0225,"SEATTLE 2.1 ESE, WA US",8/9/20,,,0.03,,,,
US1WAKG0225,"SEATTLE 2.1 ESE, WA US",8/10/20,,,0,,,,
US1WAKG0225,"SEATTLE 2.1 ESE, WA US",8/11/20,,,0,,,,
US1WAKG0225,"SEATTLE 2.1 ESE, WA US",8/12/20,,,0,,,,
US1WAKG0225,"SEATTLE 2.1 ESE, WA US",8/13/20,,,0,,,,
US1WAKG0225,"SEATTLE 2.1 ESE, WA US",8/14/20,,,0,,,,
US1WAKG0225,"SEATTLE 2.1 ESE, WA US",8/15/20,,,0,,,,
US1WAKG0225,"SEATTLE 2.1 ESE, WA US",8/16/20,,,0,,,,
US1WAKG0225,"SEATTLE 2.1 ESE, WA US",8/17/20,,,0,,,,
US1WAKG0225,"SEATTLE 2.1 ESE, WA US",8/18/20,,,0,,,,
US1WAKG0225,"SEATTLE 2.1 ESE, WA US",8/19/20,,,0,,,,
US1WAKG0225,"SEATTLE 2.1 ESE, WA US",8/20/20,,,0.04,,,,
US1WAKG0225,"SEATTLE 2.1 ESE, WA US",8/21/20,,,0.05,,,,
US1WAKG0225,"SEATTLE 2.1 ESE, WA US",8/22/20,,,0.03,,,,
US1WAKG0225,"SEATTLE 2.1 ESE, WA US",8/23/20,,,0,,,,
US1WAKG0225,"SEATTLE 2.1 ESE, WA US",8/24/20,,,0,,,,
US1WAKG0225,"SEATTLE 2.1 ESE, WA US",8/25/20,,,0,,,,
US1WAKG0225,"SEATTLE 2.1 ESE, WA US",8/26/20,,,0,,,,
US1WAKG0225,"SEATTLE 2.1 ESE, WA US",8/27/20,,,0,,,,
US1WAKG0225,"SEATTLE 2.1 ESE, WA US",8/28/20,,,0,,,,
US1WAKG0225,"SEATTLE 2.1 ESE, WA US",8/29/20,,,0,,,,
US1WAKG0225,"SEATTLE 2.1 ESE, WA US",8/30/20,,,0,,,,
US1WAKG0225,"SEATTLE 2.1 ESE, WA US",8/31/20,,,0.02,,,,
US1WAKG0225,"SEATTLE 2.1 ESE, WA US",9/1/20,,,0,,,,
US1WAKG0225,"SEATTLE 2.1 ESE, WA US",9/2/20,,,0,,,,
US1WAKG0225,"SEATTLE 2.1 ESE, WA US",9/3/20,,,0,,,,
US1WAKG0225,"SEATTLE 2.1 ESE, WA US",9/4/20,,,0,,,,
US1WAKG0225,"SEATTLE 2.1 ESE, WA US",9/5/20,,,0,,,,
US1WAKG0225,"SEATTLE 2.1 ESE, WA US",9/6/20,,,0,,,,
US1WAKG0225,"SEATTLE 2.1 ESE, WA US",9/7/20,,,0,,,,
US1WAKG0225,"SEATTLE 2.1 ESE, WA US",9/8/20,,,0,,,,
US1WAKG0225,"SEATTLE 2.1 ESE, WA US",9/9/20,,,0,,,,
US1WAKG0225,"SEATTLE 2.1 ESE, WA US",9/10/20,,,0,,,,
US1WAKG0225,"SEATTLE 2.1 ESE, WA US",9/11/20,,,0,,,,
US1WAKG0225,"SEATTLE 2.1 ESE, WA US",9/12/20,,,0,,,,
US1WAKG0225,"SEATTLE 2.1 ESE, WA US",9/13/20,,,0,,,,
US1WAKG0225,"SEATTLE 2.1 ESE, WA US",9/14/20,,,0,,,,
US1WAKG0225,"SEATTLE 2.1 ESE, WA US",9/15/20,,,0.1,,,,
US1WAKG0225,"SEATTLE 2.1 ESE, WA US",9/16/20,,,0.02,,,,
US1WAKG0225,"SEATTLE 2.1 ESE, WA US",9/17/20,,,0,,,,
US1WAKG0225,"SEATTLE 2.1 ESE, WA US",9/18/20,,,0,,,,
US1WAKG0225,"SEATTLE 2.1 ESE, WA US",9/28/20,10,2.76,,,,,
US1WAKG0225,"SEATTLE 2.1 ESE, WA US",9/29/20,,,0,,,,
US1WAKG0225,"SEATTLE 2.1 ESE, WA US",9/30/20,,,0,,,,
US1WAKG0225,"SEATTLE 2.1 ESE, WA US",10/1/20,,,0,,,,
US1WAKG0225,"SEATTLE 2.1 ESE, WA US",10/2/20,,,0,,,,
US1WAKG0225,"SEATTLE 2.1 ESE, WA US",10/3/20,,,0.01,,,,
US1WAKG0225,"SEATTLE 2.1 ESE, WA US",10/4/20,,,0.06,,,,
US1WAKG0225,"SEATTLE 2.1 ESE, WA US",10/5/20,,,0.02,,,,
US1WAKG0225,"SEATTLE 2.1 ESE, WA US",10/6/20,,,0,,,,
US1WAKG0225,"SEATTLE 2.1 ESE, WA US",10/7/20,,,0,,,,
US1WAKG0225,"SEATTLE 2.1 ESE, WA US",10/8/20,,,0.02,,,,
US1WAKG0225,"SEATTLE 2.1 ESE, WA US",10/9/20,,,0,,,,
US1WAKG0225,"SEATTLE 2.1 ESE, WA US",10/10/20,,,0.99,,,,
US1WAKG0225,"SEATTLE 2.1 ESE, WA US",10/11/20,,,0.03,,,,
US1WAKG0225,"SEATTLE 2.1 ESE, WA US",10/12/20,,,0.58,,,,
US1WAKG0225,"SEATTLE 2.1 ESE, WA US",10/13/20,,,0.61,,,,
US1WAKG0225,"SEATTLE 2.1 ESE, WA US",10/14/20,,,0.02,,,,
US1WAKG0225,"SEATTLE 2.1 ESE, WA US",10/15/20,,,0,,,,
US1WAKG0225,"SEATTLE 2.1 ESE, WA US",10/16/20,,,0,,,,
US1WAKG0225,"SEATTLE 2.1 ESE, WA US",10/17/20,,,0.24,,,,
US1WAKG0225,"SEATTLE 2.1 ESE, WA US",10/18/20,,,0.02,,,,
US1WAKG0225,"SEATTLE 2.1 ESE, WA US",10/19/20,,,0.14,,,,
US1WAKG0225,"SEATTLE 2.1 ESE, WA US",10/20/20,,,0.23,,,,
US1WAKG0225,"SEATTLE 2.1 ESE, WA US",10/21/20,,,0.12,,,,
US1WAKG0225,"SEATTLE 2.1 ESE, WA US",10/22/20,,,0.43,,,,
US1WAKG0225,"SEATTLE 2.1 ESE, WA US",10/23/20,,,0.05,,,,
US1WAKG0225,"SEATTLE 2.1 ESE, WA US",10/24/20,,,0.12,,,,
US1WAKG0225,"SEATTLE 2.1 ESE, WA US",10/25/20,,,0.02,,,,
US1WAKG0225,"SEATTLE 2.1 ESE, WA US",10/26/20,,,0.01,,,,
US1WAKG0225,"SEATTLE 2.1 ESE, WA US",10/27/20,,,0,,,,
US1WAKG0225,"SEATTLE 2.1 ESE, WA US",10/28/20,,,0,,,,
US1WAKG0225,"SEATTLE 2.1 ESE, WA US",10/29/20,,,0.03,,,,
US1WAKG0225,"SEATTLE 2.1 ESE, WA US",10/30/20,,,0.03,,,,
US1WAKG0225,"SEATTLE 2.1 ESE, WA US",10/31/20,,,0,,,,
US1WAKG0225,"SEATTLE 2.1 ESE, WA US",11/1/20,,,0,,,,
US1WAKG0225,"SEATTLE 2.1 ESE, WA US",11/2/20,,,0,,,,
US1WAKG0225,"SEATTLE 2.1 ESE, WA US",11/3/20,,,0.09,,,,
US1WAKG0225,"SEATTLE 2.1 ESE, WA US",11/4/20,,,0.78,,,,
US1WAKG0225,"SEATTLE 2.1 ESE, WA US",11/5/20,,,0.2,,,,
US1WAKG0225,"SEATTLE 2.1 ESE, WA US",11/6/20,,,0.15,,,,
US1WAKG0225,"SEATTLE 2.1 ESE, WA US",11/7/20,,,0.03,,,,
US1WAKG0225,"SEATTLE 2.1 ESE, WA US",11/8/20,,,0.02,,,,
US1WAKG0225,"SEATTLE 2.1 ESE, WA US",11/9/20,,,0,,,,
US1WAKG0225,"SEATTLE 2.1 ESE, WA US",11/10/20,,,0.11,,,,
US1WAKG0225,"SEATTLE 2.1 ESE, WA US",11/11/20,,,0.03,,,,
US1WAKG0225,"SEATTLE 2.1 ESE, WA US",11/12/20,,,0,,,,
US1WAKG0225,"SEATTLE 2.1 ESE, WA US",11/13/20,,,0.96,,,,
US1WAKG0225,"SEATTLE 2.1 ESE, WA US",11/14/20,,,0.02,,,,
US1WAKG0225,"SEATTLE 2.1 ESE, WA US",11/15/20,,,0.46,,,,
US1WAKG0225,"SEATTLE 2.1 ESE, WA US",11/16/20,,,0.06,,,,
US1WAKG0225,"SEATTLE 2.1 ESE, WA US",11/17/20,,,0.64,,,,
US1WAKG0225,"SEATTLE 2.1 ESE, WA US",11/18/20,,,0.55,,,,
US1WAKG0225,"SEATTLE 2.1 ESE, WA US",11/19/20,,,0.29,,,,
US1WAKG0225,"SEATTLE 2.1 ESE, WA US",11/20/20,,,0.06,,,,
US1WAKG0225,"SEATTLE 2.1 ESE, WA US",11/21/20,,,0.03,,,,
US1WAKG0225,"SEATTLE 2.1 ESE, WA US",11/22/20,,,0,,,,
US1WAKG0225,"SEATTLE 2.1 ESE, WA US",11/23/20,,,0.2,,,,
US1WAKG0225,"SEATTLE 2.1 ESE, WA US",11/24/20,,,0.07,,,,
US1WAKG0225,"SEATTLE 2.1 ESE, WA US",11/25/20,,,0.16,,,,
US1WAKG0225,"SEATTLE 2.1 ESE, WA US",11/26/20,,,0.04,,,,
US1WAKG0225,"SEATTLE 2.1 ESE, WA US",11/27/20,,,0.03,,,,
US1WAKG0225,"SEATTLE 2.1 ESE, WA US",11/28/20,,,0.09,,,,
US1WAKG0225,"SEATTLE 2.1 ESE, WA US",11/29/20,,,0.05,,,,
US1WAKG0225,"SEATTLE 2.1 ESE, WA US",11/30/20,,,0.45,,,,
US1WAKG0225,"SEATTLE 2.1 ESE, WA US",12/1/20,,,0,,,,
US1WAKG0225,"SEATTLE 2.1 ESE, WA US",12/2/20,,,0,,,,
US1WAKG0225,"SEATTLE 2.1 ESE, WA US",12/3/20,,,0,,,,
US1WAKG0225,"SEATTLE 2.1 ESE, WA US",12/4/20,,,0,,,,
US1WAKG0225,"SEATTLE 2.1 ESE, WA US",12/5/20,,,0,,,,
US1WAKG0225,"SEATTLE 2.1 ESE, WA US",12/6/20,,,0.01,,,,
US1WAKG0225,"SEATTLE 2.1 ESE, WA US",12/7/20,,,0,,,,
US1WAKG0225,"SEATTLE 2.1 ESE, WA US",12/8/20,,,0.07,,,,
US1WAKG0225,"SEATTLE 2.1 ESE, WA US",12/9/20,,,0.58,,,,
US1WAKG0225,"SEATTLE 2.1 ESE, WA US",12/10/20,,,0,,,,
US1WAKG0225,"SEATTLE 2.1 ESE, WA US",12/11/20,,,0.03,,,,
US1WAKG0225,"SEATTLE 2.1 ESE, WA US",12/12/20,,,0,,,,
US1WAKG0225,"SEATTLE 2.1 ESE, WA US",12/13/20,,,0.07,,,,
US1WAKG0225,"SEATTLE 2.1 ESE, WA US",12/14/20,,,0.19,,,,
US1WAKG0225,"SEATTLE 2.1 ESE, WA US",12/15/20,,,0.24,,,,
US1WAKG0225,"SEATTLE 2.1 ESE, WA US",12/16/20,,,0.06,,,,
US1WAKG0225,"SEATTLE 2.1 ESE, WA US",12/17/20,,,0.52,,,,
US1WAKG0225,"SEATTLE 2.1 ESE, WA US",12/18/20,,,0.11,,,,
US1WAKG0225,"SEATTLE 2.1 ESE, WA US",12/19/20,,,0.08,,,,
US1WAKG0225,"SEATTLE 2.1 ESE, WA US",12/20/20,,,0.37,,,,
US1WAKG0225,"SEATTLE 2.1 ESE, WA US",12/21/20,,,0.64,,,,
US1WAKG0225,"SEATTLE 2.1 ESE, WA US",12/22/20,,,2.42,1,1,,
US1WAKG0225,"SEATTLE 2.1 ESE, WA US",12/23/20,,,0,0,0,,
US1WAKG0225,"SEATTLE 2.1 ESE, WA US",12/24/20,,,0,0,0,,
US1WAKG0225,"SEATTLE 2.1 ESE, WA US",12/25/20,,,0.03,0,0,,
US1WAKG0225,"SEATTLE 2.1 ESE, WA US",12/26/20,,,0.48,0,0,,
US1WAKG0225,"SEATTLE 2.1 ESE, WA US",12/27/20,,,0.11,,,,
US1WAKG0225,"SEATTLE 2.1 ESE, WA US",12/28/20,,,0.14,,,,
US1WAKG0225,"SEATTLE 2.1 ESE, WA US",12/29/20,,,0.03,,,,
US1WAKG0225,"SEATTLE 2.1 ESE, WA US",12/30/20,,,0.48,,,,
US1WAKG0225,"SEATTLE 2.1 ESE, WA US",12/31/20,,,0.5,,,,
US1WAKG0225,"SEATTLE 2.1 ESE, WA US",1/1/21,,,0.11,,,,
US1WAKG0225,"SEATTLE 2.1 ESE, WA US",1/2/21,,,0.42,,,,
US1WAKG0225,"SEATTLE 2.1 ESE, WA US",1/3/21,,,1.6,,,,
US1WAKG0225,"SEATTLE 2.1 ESE, WA US",1/4/21,,,0.65,,,,
US1WAKG0225,"SEATTLE 2.1 ESE, WA US",1/5/21,,,0.36,,,,
US1WAKG0225,"SEATTLE 2.1 ESE, WA US",1/6/21,,,1.05,,,,
US1WAKG0225,"SEATTLE 2.1 ESE, WA US",1/7/21,,,0,,,,
US1WAKG0225,"SEATTLE 2.1 ESE, WA US",1/8/21,,,0.1,,,,
US1WAKG0225,"SEATTLE 2.1 ESE, WA US",1/9/21,,,0.2,,,,
US1WAKG0225,"SEATTLE 2.1 ESE, WA US",1/10/21,,,0.1,,,,
US1WAKG0225,"SEATTLE 2.1 ESE, WA US",1/11/21,,,0.03,,,,
US1WAKG0225,"SEATTLE 2.1 ESE, WA US",1/12/21,,,1.72,,,,
US1WAKG0225,"SEATTLE 2.1 ESE, WA US",1/13/21,,,0.98,,,,
US1WAKG0225,"SEATTLE 2.1 ESE, WA US",1/14/21,,,0,,,,
US1WAKG0225,"SEATTLE 2.1 ESE, WA US",1/15/21,,,0.19,,,,
US1WAKG0225,"SEATTLE 2.1 ESE, WA US",1/16/21,,,0.02,,,,
US1WAKG0225,"SEATTLE 2.1 ESE, WA US",1/17/21,,,0.05,,,,
US1WAKG0225,"SEATTLE 2.1 ESE, WA US",1/18/21,,,0,,,,
US1WAKG0225,"SEATTLE 2.1 ESE, WA US",1/19/21,,,0,,,,
US1WAKG0225,"SEATTLE 2.1 ESE, WA US",1/20/21,,,0,,,,
US1WAKG0225,"SEATTLE 2.1 ESE, WA US",1/21/21,,,0.05,,,,
US1WAKG0225,"SEATTLE 2.1 ESE, WA US",1/22/21,,,0.02,,,,
US1WAKG0225,"SEATTLE 2.1 ESE, WA US",1/23/21,,,0,,,,
US1WAKG0225,"SEATTLE 2.1 ESE, WA US",1/24/21,,,0.08,,,,
US1WAKG0225,"SEATTLE 2.1 ESE, WA US",1/25/21,,,0.16,0,,,
US1WAKG0225,"SEATTLE 2.1 ESE, WA US",1/26/21,,,0,0,,,
US1WAKG0225,"SEATTLE 2.1 ESE, WA US",1/27/21,,,0.09,,,,
US1WAKG0225,"SEATTLE 2.1 ESE, WA US",1/28/21,,,0.21,,,,
US1WAKG0225,"SEATTLE 2.1 ESE, WA US",1/29/21,,,0.17,,,,
US1WAKG0225,"SEATTLE 2.1 ESE, WA US",1/30/21,,,0.12,,,,
US1WAKG0225,"SEATTLE 2.1 ESE, WA US",1/31/21,,,0.21,,,,
US1WAKG0225,"SEATTLE 2.1 ESE, WA US",2/1/21,,,0.47,,,,
US1WAKG0225,"SEATTLE 2.1 ESE, WA US",2/2/21,,,0.72,,,,
US1WAKG0225,"SEATTLE 2.1 ESE, WA US",2/3/21,,,0.42,,,,
US1WAKG0225,"SEATTLE 2.1 ESE, WA US",2/4/21,,,0.03,,,,
US1WAKG0225,"SEATTLE 2.1 ESE, WA US",2/5/21,,,0.11,,,,
US1WAKG0225,"SEATTLE 2.1 ESE, WA US",2/6/21,,,0.05,,,,
US1WAKG0225,"SEATTLE 2.1 ESE, WA US",2/7/21,,,0.07,,,,
US1WAKG0225,"SEATTLE 2.1 ESE, WA US",2/8/21,,,0.18,0,0,,
US1WAKG0225,"SEATTLE 2.1 ESE, WA US",2/9/21,,,0.02,0,0,,
US1WAKG0225,"SEATTLE 2.1 ESE, WA US",2/10/21,,,0,0,0,,
US1WAKG0225,"SEATTLE 2.1 ESE, WA US",2/11/21,,,0,0,0,,
US1WAKG0225,"SEATTLE 2.1 ESE, WA US",2/12/21,,,0.05,0.7,0.7,0.1,0.1
US1WAKG0225,"SEATTLE 2.1 ESE, WA US",2/13/21,,,0.93,9,9,1,0.9
US1WAKG0225,"SEATTLE 2.1 ESE, WA US",2/14/21,,,0.41,3.5,11,1.4,0.4
US1WAKG0225,"SEATTLE 2.1 ESE, WA US",2/15/21,,,0.6,1,8,1.8,
US1WAKG0225,"SEATTLE 2.1 ESE, WA US",2/16/21,,,0.13,0,3,1.4,0
US1WAKG0225,"SEATTLE 2.1 ESE, WA US",2/17/21,,,0.02,0,1,,0
US1WAKG0225,"SEATTLE 2.1 ESE, WA US",2/18/21,,,0,0,0,,0
US1WAKG0225,"SEATTLE 2.1 ESE, WA US",2/19/21,,,0.08,0,0,,
US1WAKG0225,"SEATTLE 2.1 ESE, WA US",2/23/21,4,0.34,,,,,
US1WAKG0225,"SEATTLE 2.1 ESE, WA US",2/24/21,,,0.19,,,,
US1WAKG0225,"SEATTLE 2.1 ESE, WA US",2/25/21,,,0.14,,,,
US1WAKG0225,"SEATTLE 2.1 ESE, WA US",2/26/21,,,0.01,,,,
US1WAKG0225,"SEATTLE 2.1 ESE, WA US",2/27/21,,,0.14,,,,
US1WAKG0225,"SEATTLE 2.1 ESE, WA US",2/28/21,,,0.02,,,,
US1WAKG0225,"SEATTLE 2.1 ESE, WA US",3/1/21,,,0,0,,,
US1WAKG0225,"SEATTLE 2.1 ESE, WA US",3/2/21,,,0.01,,,,
US1WAKG0225,"SEATTLE 2.1 ESE, WA US",3/4/21,2,0,,,,,
US1WAKG0225,"SEATTLE 2.1 ESE, WA US",3/5/21,,,0.4,,,,
US1WAKG0225,"SEATTLE 2.1 ESE, WA US",3/8/21,3,0.37,,,,,
US1WAKG0225,"SEATTLE 2.1 ESE, WA US",3/9/21,,,0,0,,,
US1WAKG0225,"SEATTLE 2.1 ESE, WA US",3/10/21,,,0,0,,,
US1WAKG0225,"SEATTLE 2.1 ESE, WA US",3/11/21,,,0,0,,,
US1WAKG0225,"SEATTLE 2.1 ESE, WA US",3/12/21,,,0,0,,,
US1WAKG0225,"SEATTLE 2.1 ESE, WA US",3/13/21,,,0,0,,,
US1WAKG0225,"SEATTLE 2.1 ESE, WA US",3/14/21,2,0,0,,,,
US1WAKG0225,"SEATTLE 2.1 ESE, WA US",3/15/21,,,0.32,,,,
US1WAKG0225,"SEATTLE 2.1 ESE, WA US",3/16/21,,,0,0,,,
US1WAKG0225,"SEATTLE 2.1 ESE, WA US",3/17/21,,,0,0,,,
US1WAKG0225,"SEATTLE 2.1 ESE, WA US",3/18/21,,,0,0,,,
US1WAKG0225,"SEATTLE 2.1 ESE, WA US",3/19/21,,,0.21,,,,
US1WAKG0225,"SEATTLE 2.1 ESE, WA US",3/21/21,2,0.59,,,,,
US1WAKG0225,"SEATTLE 2.1 ESE, WA US",3/22/21,,,0.32,,,,
US1WAKG0225,"SEATTLE 2.1 ESE, WA US",3/23/21,,,0.06,,,,
US1WAKG0225,"SEATTLE 2.1 ESE, WA US",3/26/21,3,0.92,,,,,
US1WAKG0225,"SEATTLE 2.1 ESE, WA US",3/28/21,2,0,,,,,
US1WAKG0225,"SEATTLE 2.1 ESE, WA US",3/29/21,,,0.34,,,,
US1WAKG0225,"SEATTLE 2.1 ESE, WA US",3/30/21,,,0.01,,,,
US1WAKG0225,"SEATTLE 2.1 ESE, WA US",4/5/21,6,0.08,,,,,
US1WAKG0225,"SEATTLE 2.1 ESE, WA US",4/6/21,,,0,0,,,
US1WAKG0225,"SEATTLE 2.1 ESE, WA US",4/7/21,,,0,0,,,
US1WAKG0225,"SEATTLE 2.1 ESE, WA US",4/8/21,,,0.13,,,,
US1WAKG0225,"SEATTLE 2.1 ESE, WA US",4/9/21,,,0,0,,,
US1WAKG0225,"SEATTLE 2.1 ESE, WA US",4/10/21,,,0.02,,,,
US1WAKG0225,"SEATTLE 2.1 ESE, WA US",4/11/21,,,0,0,,,
US1WAKG0225,"SEATTLE 2.1 ESE, WA US",4/12/21,,,0,0,,,
US1WAKG0225,"SEATTLE 2.1 ESE, WA US",4/13/21,,,0,0,,,
US1WAKG0225,"SEATTLE 2.1 ESE, WA US",4/14/21,,,0,0,,,
US1WAKG0225,"SEATTLE 2.1 ESE, WA US",4/15/21,,,0,0,,,
US1WAKG0225,"SEATTLE 2.1 ESE, WA US",4/16/21,,,0,0,,,
US1WAKG0225,"SEATTLE 2.1 ESE, WA US",4/17/21,,,0,0,,,
US1WAKG0225,"SEATTLE 2.1 ESE, WA US",4/18/21,,,0,0,,,
US1WAKG0225,"SEATTLE 2.1 ESE, WA US",4/19/21,,,0,0,,,
US1WAKG0225,"SEATTLE 2.1 ESE, WA US",4/20/21,,,0,0,,,
US1WAKG0225,"SEATTLE 2.1 ESE, WA US",4/21/21,,,0,0,,,
US1WAKG0225,"SEATTLE 2.1 ESE, WA US",4/22/21,,,0,0,,,
US1WAKG0225,"SEATTLE 2.1 ESE, WA US",4/23/21,,,0,0,,,
US1WAKG0225,"SEATTLE 2.1 ESE, WA US",4/24/21,,,0.08,,,,
US1WAKG0225,"SEATTLE 2.1 ESE, WA US",4/25/21,,,0.5,,,,
US1WAKG0225,"SEATTLE 2.1 ESE, WA US",4/26/21,,,0.15,,,,
US1WAKG0225,"SEATTLE 2.1 ESE, WA US",4/27/21,,,0.01,,,,
US1WAKG0225,"SEATTLE 2.1 ESE, WA US",4/28/21,,,0,0,,,
US1WAKG0225,"SEATTLE 2.1 ESE, WA US",4/29/21,,,0,0,,,
US1WAKG0225,"SEATTLE 2.1 ESE, WA US",4/30/21,,,0.1,,,,
US1WAKG0225,"SEATTLE 2.1 ESE, WA US",5/1/21,,,0.03,,,,
US1WAKG0225,"SEATTLE 2.1 ESE, WA US",5/2/21,,,0.01,,,,
US1WAKG0225,"SEATTLE 2.1 ESE, WA US",5/3/21,,,0,0,,,
US1WAKG0225,"SEATTLE 2.1 ESE, WA US",5/4/21,,,0.29,,,,
US1WAKG0225,"SEATTLE 2.1 ESE, WA US",5/5/21,,,0,0,,,
US1WAKG0225,"SEATTLE 2.1 ESE, WA US",5/6/21,,,0,0,,,
US1WAKG0225,"SEATTLE 2.1 ESE, WA US",5/7/21,,,0,,,,
US1WAKG0225,"SEATTLE 2.1 ESE, WA US",5/8/21,,,0.17,,,,
US1WAKG0225,"SEATTLE 2.1 ESE, WA US",5/9/21,,,0.01,,,,
US1WAKG0225,"SEATTLE 2.1 ESE, WA US",5/10/21,,,0,0,,,
US1WAKG0225,"SEATTLE 2.1 ESE, WA US",5/11/21,,,0,0,,,
US1WAKG0225,"SEATTLE 2.1 ESE, WA US",5/12/21,,,0,0,,,
US1WAKG0225,"SEATTLE 2.1 ESE, WA US",5/13/21,,,0,0,,,
US1WAKG0225,"SEATTLE 2.1 ESE, WA US",5/14/21,,,0,0,,,
US1WAKG0225,"SEATTLE 2.1 ESE, WA US",5/15/21,,,0,0,,,
US1WAKG0225,"SEATTLE 2.1 ESE, WA US",5/16/21,,,0,0,,,
US1WAKG0225,"SEATTLE 2.1 ESE, WA US",5/17/21,,,0,,,,
US1WAKG0225,"SEATTLE 2.1 ESE, WA US",5/18/21,,,0.05,,,,
US1WAKG0225,"SEATTLE 2.1 ESE, WA US",5/19/21,,,0.12,,,,
US1WAKG0225,"SEATTLE 2.1 ESE, WA US",5/20/21,,,0.01,,,,
US1WAKG0225,"SEATTLE 2.1 ESE, WA US",5/21/21,,,0,,,,
US1WAKG0225,"SEATTLE 2.1 ESE, WA US",5/22/21,,,0,,,,
US1WAKG0225,"SEATTLE 2.1 ESE, WA US",5/23/21,,,0,0,,,
US1WAKG0225,"SEATTLE 2.1 ESE, WA US",5/24/21,,,0.07,,,,
US1WAKG0225,"SEATTLE 2.1 ESE, WA US",5/25/21,,,0.04,,,,
US1WAKG0225,"SEATTLE 2.1 ESE, WA US",5/26/21,,,0.01,,,,
US1WAKG0225,"SEATTLE 2.1 ESE, WA US",5/27/21,,,0.17,,,,
US1WAKG0225,"SEATTLE 2.1 ESE, WA US",5/28/21,,,0.19,,,,
US1WAKG0225,"SEATTLE 2.1 ESE, WA US",5/29/21,,,0,0,,,
US1WAKG0225,"SEATTLE 2.1 ESE, WA US",5/30/21,,,0,0,,,
US1WAKG0225,"SEATTLE 2.1 ESE, WA US",5/31/21,,,0,0,,,
US1WAKG0225,"SEATTLE 2.1 ESE, WA US",6/1/21,,,0,0,,,
US1WAKG0225,"SEATTLE 2.1 ESE, WA US",6/2/21,,,0,0,,,
US1WAKG0225,"SEATTLE 2.1 ESE, WA US",6/3/21,,,0,0,,,
US1WAKG0225,"SEATTLE 2.1 ESE, WA US",6/4/21,,,0,0,,,
US1WAKG0225,"SEATTLE 2.1 ESE, WA US",6/5/21,,,0.05,,,,
US1WAKG0225,"SEATTLE 2.1 ESE, WA US",6/6/21,,,0,0,,,
US1WAKG0225,"SEATTLE 2.1 ESE, WA US",6/7/21,,,0.73,,,,
US1WAKG0225,"SEATTLE 2.1 ESE, WA US",6/8/21,,,0,0,,,
US1WAKG0225,"SEATTLE 2.1 ESE, WA US",6/9/21,,,0,,,,
US1WAKG0225,"SEATTLE 2.1 ESE, WA US",6/10/21,,,0,0,,,
US1WAKG0225,"SEATTLE 2.1 ESE, WA US",6/11/21,,,0,,,,
US1WAKG0225,"SEATTLE 2.1 ESE, WA US",6/12/21,,,0.34,,,,
US1WAKG0225,"SEATTLE 2.1 ESE, WA US",6/13/21,,,0.34,,,,
US1WAKG0225,"SEATTLE 2.1 ESE, WA US",6/14/21,,,0.6,,,,
US1WAKG0225,"SEATTLE 2.1 ESE, WA US",6/15/21,,,0.07,,,,
US1WAKG0225,"SEATTLE 2.1 ESE, WA US",6/16/21,,,0,0,,,
US1WAKG0225,"SEATTLE 2.1 ESE, WA US",6/17/21,,,0,0,,,
US1WAKG0225,"SEATTLE 2.1 ESE, WA US",6/18/21,,,0,0,,,
US1WAKG0225,"SEATTLE 2.1 ESE, WA US",6/19/21,,,0,0,,,
US1WAKG0225,"SEATTLE 2.1 ESE, WA US",6/20/21,,,0,0,,,
US1WAKG0225,"SEATTLE 2.1 ESE, WA US",6/21/21,,,0,0,,,
US1WAKG0225,"SEATTLE 2.1 ESE, WA US",6/22/21,,,0,0,,,
US1WAKG0225,"SEATTLE 2.1 ESE, WA US",6/23/21,,,0,0,,,
US1WAKG0225,"SEATTLE 2.1 ESE, WA US",6/24/21,,,0,0,,,
US1WAKG0225,"SEATTLE 2.1 ESE, WA US",6/25/21,,,0,0,,,
US1WAKG0225,"SEATTLE 2.1 ESE, WA US",6/26/21,,,0,0,,,
US1WAKG0225,"SEATTLE 2.1 ESE, WA US",6/27/21,,,0,0,,,
US1WAKG0225,"SEATTLE 2.1 ESE, WA US",6/28/21,,,0,0,,,
US1WAKG0225,"SEATTLE 2.1 ESE, WA US",6/29/21,,,0,0,,,
US1WAKG0225,"SEATTLE 2.1 ESE, WA US",6/30/21,,,0,0,,,
US1WAKG0225,"SEATTLE 2.1 ESE, WA US",7/1/21,,,0,0,,,
US1WAKG0225,"SEATTLE 2.1 ESE, WA US",7/2/21,,,0,,,,
US1WAKG0225,"SEATTLE 2.1 ESE, WA US",7/3/21,,,0,0,,,
US1WAKG0225,"SEATTLE 2.1 ESE, WA US",7/4/21,,,0,0,,,
US1WAKG0225,"SEATTLE 2.1 ESE, WA US",7/5/21,,,0,0,,,
US1WAKG0225,"SEATTLE 2.1 ESE, WA US",7/6/21,,,0,0,,,
US1WAKG0225,"SEATTLE 2.1 ESE, WA US",7/7/21,,,0,0,,,
US1WAKG0225,"SEATTLE 2.1 ESE, WA US",7/8/21,,,0,0,,,
US1WAKG0225,"SEATTLE 2.1 ESE, WA US",7/9/21,,,0,0,,,
US1WAKG0225,"SEATTLE 2.1 ESE, WA US",7/10/21,,,0,0,,,
US1WAKG0225,"SEATTLE 2.1 ESE, WA US",7/11/21,,,0,0,,,
US1WAKG0225,"SEATTLE 2.1 ESE, WA US",7/12/21,,,0,0,,,
US1WAKG0225,"SEATTLE 2.1 ESE, WA US",7/13/21,,,0,0,,,
US1WAKG0225,"SEATTLE 2.1 ESE, WA US",7/14/21,,,0,0,,,
US1WAKG0225,"SEATTLE 2.1 ESE, WA US",7/15/21,,,0,0,,,
US1WAKG0225,"SEATTLE 2.1 ESE, WA US",7/16/21,,,0,0,,,
US1WAKG0225,"SEATTLE 2.1 ESE, WA US",7/17/21,,,0,0,,,
US1WAKG0225,"SEATTLE 2.1 ESE, WA US",7/18/21,,,0,0,,,
US1WAKG0225,"SEATTLE 2.1 ESE, WA US",7/19/21,,,0,0,,,
US1WAKG0225,"SEATTLE 2.1 ESE, WA US",7/20/21,,,0.02,,,,
US1WAKG0225,"SEATTLE 2.1 ESE, WA US",7/21/21,,,0,,,,
US1WAKG0225,"SEATTLE 2.1 ESE, WA US",7/22/21,,,0,0,,,
US1WAKG0225,"SEATTLE 2.1 ESE, WA US",7/23/21,,,0,0,,,
US1WAKG0225,"SEATTLE 2.1 ESE, WA US",7/24/21,,,0,0,,,
US1WAKG0225,"SEATTLE 2.1 ESE, WA US",7/25/21,,,0,0,,,
US1WAKG0225,"SEATTLE 2.1 ESE, WA US",7/26/21,,,0,0,,,
US1WAKG0225,"SEATTLE 2.1 ESE, WA US",7/27/21,,,0,0,,,
US1WAKG0225,"SEATTLE 2.1 ESE, WA US",7/28/21,,,0,0,,,
US1WAKG0225,"SEATTLE 2.1 ESE, WA US",7/29/21,,,0,0,,,
US1WAKG0225,"SEATTLE 2.1 ESE, WA US",7/30/21,,,0,0,,,
US1WAKG0225,"SEATTLE 2.1 ESE, WA US",8/2/21,3,0,,,,,
US1WAKG0225,"SEATTLE 2.1 ESE, WA US",8/3/21,,,0,0,,,
US1WAKG0225,"SEATTLE 2.1 ESE, WA US",8/4/21,,,0.02,,,,
US1WAKG0225,"SEATTLE 2.1 ESE, WA US",8/5/21,,,0,0,,,
US1WAKG0225,"SEATTLE 2.1 ESE, WA US",8/6/21,,,0.06,,,,
US1WAKG0225,"SEATTLE 2.1 ESE, WA US",8/7/21,,,0.01,,,,
US1WAKG0225,"SEATTLE 2.1 ESE, WA US",8/8/21,,,0.04,,,,
US1WAKG0225,"SEATTLE 2.1 ESE, WA US",8/9/21,,,0.01,,,,
US1WAKG0225,"SEATTLE 2.1 ESE, WA US",8/10/21,,,0,0,,,
US1WAKG0225,"SEATTLE 2.1 ESE, WA US",8/11/21,,,0,0,,,
US1WAKG0225,"SEATTLE 2.1 ESE, WA US",8/12/21,,,0,0,,,
US1WAKG0225,"SEATTLE 2.1 ESE, WA US",8/13/21,,,0,0,,,
US1WAKG0225,"SEATTLE 2.1 ESE, WA US",8/30/21,17,0.07,,,,,
US1WAKG0225,"SEATTLE 2.1 ESE, WA US",8/31/21,,,0.02,,,,
US1WAKG0225,"SEATTLE 2.1 ESE, WA US",9/1/21,,,0,,,,
US1WAKG0225,"SEATTLE 2.1 ESE, WA US",9/2/21,,,0,0,,,
US1WAKG0225,"SEATTLE 2.1 ESE, WA US",9/3/21,,,0,0,,,
US1WAKG0225,"SEATTLE 2.1 ESE, WA US",9/4/21,,,0,0,,,
US1WAKG0225,"SEATTLE 2.1 ESE, WA US",9/5/21,,,0,0,,,
US1WAKG0225,"SEATTLE 2.1 ESE, WA US",9/6/21,,,0.02,,,,
US1WAKG0225,"SEATTLE 2.1 ESE, WA US",9/7/21,,,0,0,,,
US1WAKG0225,"SEATTLE 2.1 ESE, WA US",9/8/21,,,0.01,,,,
US1WAKG0225,"SEATTLE 2.1 ESE, WA US",9/9/21,,,0,0,,,
US1WAKG0225,"SEATTLE 2.1 ESE, WA US",9/10/21,,,0,0,,,
US1WAKG0225,"SEATTLE 2.1 ESE, WA US",9/11/21,,,0.03,,,,
US1WAKG0225,"SEATTLE 2.1 ESE, WA US",9/12/21,,,0.03,,,,
US1WAKG0225,"SEATTLE 2.1 ESE, WA US",9/13/21,,,0.02,,,,
US1WAKG0225,"SEATTLE 2.1 ESE, WA US",9/14/21,,,0,0,,,
US1WAKG0225,"SEATTLE 2.1 ESE, WA US",9/15/21,,,0,,,,
US1WAKG0225,"SEATTLE 2.1 ESE, WA US",9/16/21,,,0,,,,
US1WAKG0225,"SEATTLE 2.1 ESE, WA US",9/17/21,,,0.03,,,,
US1WAKG0225,"SEATTLE 2.1 ESE, WA US",9/18/21,,,0.85,,,,
US1WAKG0225,"SEATTLE 2.1 ESE, WA US",9/19/21,,,0.3,,,,
US1WAKG0225,"SEATTLE 2.1 ESE, WA US",9/20/21,,,0.13,,,,
US1WAKG0225,"SEATTLE 2.1 ESE, WA US",9/21/21,,,0,0,,,
US1WAKG0225,"SEATTLE 2.1 ESE, WA US",9/22/21,,,0,0,,,
US1WAKG0225,"SEATTLE 2.1 ESE, WA US",9/23/21,,,0,,,,
US1WAKG0225,"SEATTLE 2.1 ESE, WA US",9/24/21,,,0,,,,
US1WAKG0225,"SEATTLE 2.1 ESE, WA US",9/25/21,,,0,0,,,
US1WAKG0225,"SEATTLE 2.1 ESE, WA US",9/26/21,,,0,0,,,
US1WAKG0225,"SEATTLE 2.1 ESE, WA US",9/27/21,,,0.71,,,,
US1WAKG0225,"SEATTLE 2.1 ESE, WA US",9/28/21,,,0.34,,,,
US1WAKG0225,"SEATTLE 2.1 ESE, WA US",9/29/21,,,0.02,,,,
US1WAKG0225,"SEATTLE 2.1 ESE, WA US",9/30/21,,,0.22,,,,
US1WAKG0225,"SEATTLE 2.1 ESE, WA US",10/1/21,,,0.28,,,,
US1WAKG0225,"SEATTLE 2.1 ESE, WA US",10/2/21,,,0,0,,,
US1WAKG0225,"SEATTLE 2.1 ESE, WA US",10/3/21,,,0,,,,
US1WAKG0225,"SEATTLE 2.1 ESE, WA US",10/4/21,,,0,,,,
US1WAKG0225,"SEATTLE 2.1 ESE, WA US",10/5/21,,,0.19,,,,
US1WAKG0225,"SEATTLE 2.1 ESE, WA US",10/6/21,,,0.13,,,,
US1WAKG0225,"SEATTLE 2.1 ESE, WA US",10/7/21,,,0,0,,,
US1WAKG0225,"SEATTLE 2.1 ESE, WA US",10/8/21,,,0,0,,,
US1WAKG0225,"SEATTLE 2.1 ESE, WA US",10/9/21,,,0,0,,,
US1WAKG0225,"SEATTLE 2.1 ESE, WA US",10/10/21,,,0.14,,,,
US1WAKG0225,"SEATTLE 2.1 ESE, WA US",10/11/21,,,0.12,,,,
US1WAKG0225,"SEATTLE 2.1 ESE, WA US",10/12/21,,,0,0,,,
US1WAKG0225,"SEATTLE 2.1 ESE, WA US",10/13/21,,,0.05,,,,
US1WAKG0225,"SEATTLE 2.1 ESE, WA US",10/14/21,,,0.06,,,,
US1WAKG0225,"SEATTLE 2.1 ESE, WA US",10/15/21,,,0.02,,,,
US1WAKG0225,"SEATTLE 2.1 ESE, WA US",10/16/21,,,0.02,,,,
US1WAKG0225,"SEATTLE 2.1 ESE, WA US",10/17/21,,,0,0,,,
US1WAKG0225,"SEATTLE 2.1 ESE, WA US",10/18/21,,,0.02,,,,
US1WAKG0225,"SEATTLE 2.1 ESE, WA US",10/19/21,,,0,0,,,
US1WAKG0225,"SEATTLE 2.1 ESE, WA US",10/20/21,,,0.19,,,,
US1WAKG0225,"SEATTLE 2.1 ESE, WA US",10/21/21,,,0.07,,,,
US1WAKG0225,"SEATTLE 2.1 ESE, WA US",10/22/21,,,0.64,,,,
US1WAKG0225,"SEATTLE 2.1 ESE, WA US",10/23/21,,,0.03,,,,
US1WAKG0225,"SEATTLE 2.1 ESE, WA US",10/24/21,,,0.19,,,,
US1WAKG0225,"SEATTLE 2.1 ESE, WA US",10/25/21,,,0.32,,,,
US1WAKG0225,"SEATTLE 2.1 ESE, WA US",10/26/21,,,0.14,,,,
US1WAKG0225,"SEATTLE 2.1 ESE, WA US",10/27/21,,,0.1,,,,
US1WAKG0225,"SEATTLE 2.1 ESE, WA US",10/28/21,,,0.49,,,,
US1WAKG0225,"SEATTLE 2.1 ESE, WA US",10/29/21,,,2,,,,
US1WAKG0225,"SEATTLE 2.1 ESE, WA US",10/30/21,,,0.08,,,,
US1WAKG0225,"SEATTLE 2.1 ESE, WA US",10/31/21,,,0,0,,,
US1WAKG0225,"SEATTLE 2.1 ESE, WA US",11/1/21,,,0,0,,,
US1WAKG0225,"SEATTLE 2.1 ESE, WA US",11/2/21,,,0.12,,,,
US1WAKG0225,"SEATTLE 2.1 ESE, WA US",11/3/21,,,0.18,,,,
US1WAKG0225,"SEATTLE 2.1 ESE, WA US",11/4/21,,,0.61,,,,
US1WAKG0225,"SEATTLE 2.1 ESE, WA US",11/5/21,,,0.57,,,,
US1WAKG0225,"SEATTLE 2.1 ESE, WA US",11/6/21,,,0.04,,,,
US1WAKG0225,"SEATTLE 2.1 ESE, WA US",11/7/21,,,0.64,,,,
US1WAKG0225,"SEATTLE 2.1 ESE, WA US",11/8/21,,,0.23,,,,
US1WAKG0225,"SEATTLE 2.1 ESE, WA US",11/9/21,,,0.31,,,,
US1WAKG0225,"SEATTLE 2.1 ESE, WA US",11/10/21,,,0.38,,,,
US1WAKG0225,"SEATTLE 2.1 ESE, WA US",11/11/21,,,0.14,,,,
US1WAKG0225,"SEATTLE 2.1 ESE, WA US",11/12/21,,,1.06,,,,
US1WAKG0225,"SEATTLE 2.1 ESE, WA US",11/13/21,,,0.4,,,,
US1WAKG0225,"SEATTLE 2.1 ESE, WA US",11/14/21,,,0.59,,,,
US1WAKG0225,"SEATTLE 2.1 ESE, WA US",11/15/21,,,0.59,,,,
US1WAKG0225,"SEATTLE 2.1 ESE, WA US",11/16/21,,,0.3,,,,
US1WAKG0225,"SEATTLE 2.1 ESE, WA US",11/17/21,,,0.02,,,,
US1WAKG0225,"SEATTLE 2.1 ESE, WA US",11/18/21,,,0,0,,,
US1WAKG0225,"SEATTLE 2.1 ESE, WA US",11/19/21,,,0.52,,,,
US1WAKG0225,"SEATTLE 2.1 ESE, WA US",11/20/21,,,0.1,,,,
US1WAKG0225,"SEATTLE 2.1 ESE, WA US",11/21/21,,,0,0,,,
US1WAKG0225,"SEATTLE 2.1 ESE, WA US",11/22/21,,,0,0,,,
US1WAKG0225,"SEATTLE 2.1 ESE, WA US",11/23/21,,,0.53,,,,
US1WAKG0225,"SEATTLE 2.1 ESE, WA US",11/24/21,,,0.02,,,,
US1WAKG0225,"SEATTLE 2.1 ESE, WA US",11/25/21,,,0.22,,,,
US1WAKG0225,"SEATTLE 2.1 ESE, WA US",11/26/21,,,0.55,,,,
US1WAKG0225,"SEATTLE 2.1 ESE, WA US",11/27/21,,,0.04,,,,
US1WAKG0225,"SEATTLE 2.1 ESE, WA US",11/28/21,,,0.42,,,,
US1WAKG0225,"SEATTLE 2.1 ESE, WA US",11/29/21,,,0.14,,,,
US1WAKG0225,"SEATTLE 2.1 ESE, WA US",11/30/21,,,0.04,,,,
US1WAKG0225,"SEATTLE 2.1 ESE, WA US",12/1/21,,,0.03,,,,
US1WAKG0225,"SEATTLE 2.1 ESE, WA US",12/2/21,,,0.09,,,,
US1WAKG0225,"SEATTLE 2.1 ESE, WA US",12/3/21,,,0.22,,,,
US1WAKG0225,"SEATTLE 2.1 ESE, WA US",12/4/21,,,0.15,,,,
US1WAKG0225,"SEATTLE 2.1 ESE, WA US",12/5/21,,,0.34,0,0,,
US1WAKG0225,"SEATTLE 2.1 ESE, WA US",12/6/21,,,0.02,,,,
US1WAKG0225,"SEATTLE 2.1 ESE, WA US",12/7/21,,,0.14,,,,
US1WAKG0225,"SEATTLE 2.1 ESE, WA US",12/8/21,,,0.04,,,,
US1WAKG0225,"SEATTLE 2.1 ESE, WA US",12/9/21,,,0.07,,,,
US1WAKG0225,"SEATTLE 2.1 ESE, WA US",12/10/21,,,0.02,,,,
US1WAKG0225,"SEATTLE 2.1 ESE, WA US",12/11/21,,,0.83,,,,
US1WAKG0225,"SEATTLE 2.1 ESE, WA US",12/12/21,,,0.09,,,,
US1WAKG0225,"SEATTLE 2.1 ESE, WA US",12/13/21,,,0.37,,,,
US1WAKG0225,"SEATTLE 2.1 ESE, WA US",12/14/21,,,0.1,,,,
US1WAKG0225,"SEATTLE 2.1 ESE, WA US",12/15/21,,,0.12,,,,
US1WAKG0225,"SEATTLE 2.1 ESE, WA US",12/16/21,,,0.11,,,,
US1WAKG0225,"SEATTLE 2.1 ESE, WA US",12/17/21,,,0.04,,,,
US1WAKG0225,"SEATTLE 2.1 ESE, WA US",12/18/21,,,0.54,,,,
US1WAKG0225,"SEATTLE 2.1 ESE, WA US",12/19/21,,,0.33,,,,
US1WAKG0225,"SEATTLE 2.1 ESE, WA US",12/20/21,,,0.02,,,,
US1WAKG0225,"SEATTLE 2.1 ESE, WA US",12/21/21,,,0.02,0,0,,
US1WAKG0225,"SEATTLE 2.1 ESE, WA US",12/22/21,,,0.4,,,,
US1WAKG0225,"SEATTLE 2.1 ESE, WA US",12/23/21,,,0.56,,,,
US1WAKG0225,"SEATTLE 2.1 ESE, WA US",12/24/21,,,0.16,,,,
US1WAKG0225,"SEATTLE 2.1 ESE, WA US",12/25/21,,,0.22,0,0,,
US1WAKG0225,"SEATTLE 2.1 ESE, WA US",12/26/21,,,0.32,3.5,3.5,0.3,0.3
US1WAKG0225,"SEATTLE 2.1 ESE, WA US",12/27/21,,,0.11,2,4.5,0.4,0.1
US1WAKG0225,"SEATTLE 2.1 ESE, WA US",12/28/21,,,0.02,1,6,,0
US1WAKG0225,"SEATTLE 2.1 ESE, WA US",12/29/21,,,0,0,5,,0
US1WAKG0225,"SEATTLE 2.1 ESE, WA US",12/30/21,,,0.18,2.5,6.5,,0.2
US1WAKG0225,"SEATTLE 2.1 ESE, WA US",12/31/21,,,0.01,0.1,6,,0
US1WAKG0225,"SEATTLE 2.1 ESE, WA US",1/1/22,,,0,0,5.5,,0
US1WAKG0225,"SEATTLE 2.1 ESE, WA US",1/2/22,,,0,0,4.5,,0
US1WAKG0225,"SEATTLE 2.1 ESE, WA US",1/3/22,,,1.97,0,0.5,,
US1WAKG0225,"SEATTLE 2.1 ESE, WA US",1/4/22,,,0.28,0.1,0,,
US1WAKG0225,"SEATTLE 2.1 ESE, WA US",1/5/22,,,0.13,0,0,,0
US1WAKG0225,"SEATTLE 2.1 ESE, WA US",1/6/22,,,0.82,0,0,,
US1WAKG0225,"SEATTLE 2.1 ESE, WA US",1/7/22,,,1.72,,,,
US1WAKG0225,"SEATTLE 2.1 ESE, WA US",1/8/22,,,0.62,,,,
US1WAKG0225,"SEATTLE 2.1 ESE, WA US",1/9/22,,,0,0,,,
US1WAKG0225,"SEATTLE 2.1 ESE, WA US",1/10/22,,,0.12,,,,
US1WAKG0225,"SEATTLE 2.1 ESE, WA US",1/11/22,,,0.7,,,,
US1WAKG0225,"SEATTLE 2.1 ESE, WA US",1/12/22,,,0.52,,,,
US1WAKG0225,"SEATTLE 2.1 ESE, WA US",1/13/22,,,0.28,,,,
US1WAKG0225,"SEATTLE 2.1 ESE, WA US",1/14/22,,,0.02,,,,
US1WAKG0225,"SEATTLE 2.1 ESE, WA US",1/15/22,,,0.01,,,,
US1WAKG0225,"SEATTLE 2.1 ESE, WA US",1/16/22,,,0.01,,,,
US1WAKG0225,"SEATTLE 2.1 ESE, WA US",1/17/22,,,0,0,,,
US1WAKG0225,"SEATTLE 2.1 ESE, WA US",1/18/22,,,0.02,,,,
US1WAKG0225,"SEATTLE 2.1 ESE, WA US",1/19/22,,,0.04,,,,
US1WAKG0225,"SEATTLE 2.1 ESE, WA US",1/20/22,,,0.1,,,,
US1WAKG0225,"SEATTLE 2.1 ESE, WA US",1/21/22,,,0.13,,,,
US1WAKG0225,"SEATTLE 2.1 ESE, WA US",1/22/22,,,0,0,,,
US1WAKG0225,"SEATTLE 2.1 ESE, WA US",1/23/22,,,0,0,,,
US1WAKG0225,"SEATTLE 2.1 ESE, WA US",1/24/22,,,0,0,,,
US1WAKG0225,"SEATTLE 2.1 ESE, WA US",1/25/22,,,0,0,,,
US1WAKG0225,"SEATTLE 2.1 ESE, WA US",1/26/22,,,0,0,,,
US1WAKG0225,"SEATTLE 2.1 ESE, WA US",1/27/22,,,0,0,,,
US1WAKG0225,"SEATTLE 2.1 ESE, WA US",1/28/22,,,0,0,,,
US1WAKG0225,"SEATTLE 2.1 ESE, WA US",1/29/22,,,0,0,,,
US1WAKG0225,"SEATTLE 2.1 ESE, WA US",1/30/22,,,0.01,,,,
US1WAKG0225,"SEATTLE 2.1 ESE, WA US",1/31/22,,,0.28,,,,
US1WAKG0225,"SEATTLE 2.1 ESE, WA US",2/1/22,,,0.01,,,,
US1WAKG0225,"SEATTLE 2.1 ESE, WA US",2/2/22,,,0.03,,,,
US1WAKG0225,"SEATTLE 2.1 ESE, WA US",2/3/22,,,0.09,,,,
US1WAKG0225,"SEATTLE 2.1 ESE, WA US",2/4/22,,,0.04,,,,
US1WAKG0225,"SEATTLE 2.1 ESE, WA US",2/5/22,,,0.02,,,,
US1WAKG0225,"SEATTLE 2.1 ESE, WA US",2/6/22,,,0.01,,,,
US1WAKG0225,"SEATTLE 2.1 ESE, WA US",2/7/22,,,0,0,,,
US1WAKG0225,"SEATTLE 2.1 ESE, WA US",2/8/22,,,0.01,,,,
US1WAKG0225,"SEATTLE 2.1 ESE, WA US",2/9/22,,,0.02,,,,
US1WAKG0225,"SEATTLE 2.1 ESE, WA US",2/10/22,,,0.03,,,,
US1WAKG0225,"SEATTLE 2.1 ESE, WA US",2/11/22,,,0.02,,,,
US1WAKG0225,"SEATTLE 2.1 ESE, WA US",2/12/22,,,0,0,,,
US1WAKG0225,"SEATTLE 2.1 ESE, WA US",2/13/22,,,0,0,,,
US1WAKG0225,"SEATTLE 2.1 ESE, WA US",2/14/22,,,0.04,,,,
US1WAKG0225,"SEATTLE 2.1 ESE, WA US",2/15/22,,,0.14,,,,
US1WAKG0225,"SEATTLE 2.1 ESE, WA US",2/16/22,,,0.02,,,,
US1WAKG0225,"SEATTLE 2.1 ESE, WA US",2/17/22,,,0,,,,
US1WAKG0225,"SEATTLE 2.1 ESE, WA US",2/18/22,,,0,0,,,
US1WAKG0225,"SEATTLE 2.1 ESE, WA US",2/19/22,,,0.03,,,,
US1WAKG0225,"SEATTLE 2.1 ESE, WA US",2/20/22,,,0.14,,,,
US1WAKG0225,"SEATTLE 2.1 ESE, WA US",2/21/22,,,0.19,,,,
US1WAKG0225,"SEATTLE 2.1 ESE, WA US",2/22/22,,,0.06,0.5,0.2,,0.1
US1WAKG0225,"SEATTLE 2.1 ESE, WA US",2/23/22,,,0,0.2,0,,0
US1WAKG0225,"SEATTLE 2.1 ESE, WA US",2/24/22,,,0,0.1,0,,0
US1WAKG0225,"SEATTLE 2.1 ESE, WA US",2/25/22,,,0,0,0,,
US1WAKG0225,"SEATTLE 2.1 ESE, WA US",2/26/22,,,0,0,0,,
US1WAKG0225,"SEATTLE 2.1 ESE, WA US",2/27/22,,,0.61,,,,
US1WAKG0225,"SEATTLE 2.1 ESE, WA US",2/28/22,,,1.89,,,,
US1WAKG0225,"SEATTLE 2.1 ESE, WA US",3/1/22,,,1.03,,,,
US1WAKG0225,"SEATTLE 2.1 ESE, WA US",3/2/22,,,0.01,,,,
US1WAKG0225,"SEATTLE 2.1 ESE, WA US",3/3/22,,,0.32,,,,
US1WAKG0225,"SEATTLE 2.1 ESE, WA US",3/4/22,,,0.04,,,,
US1WAKG0225,"SEATTLE 2.1 ESE, WA US",3/5/22,,,0.04,,,,
US1WAKG0225,"SEATTLE 2.1 ESE, WA US",3/6/22,,,0,0,,,
US1WAKG0225,"SEATTLE 2.1 ESE, WA US",3/7/22,,,0,0,,,
US1WAKG0225,"SEATTLE 2.1 ESE, WA US",3/8/22,,,0.11,,,,
US1WAKG0225,"SEATTLE 2.1 ESE, WA US",3/9/22,,,0.05,,,,
US1WAKG0225,"SEATTLE 2.1 ESE, WA US",3/10/22,,,0,0,,,
US1WAKG0225,"SEATTLE 2.1 ESE, WA US",3/11/22,,,0,0,,,
US1WAKG0225,"SEATTLE 2.1 ESE, WA US",3/12/22,,,0,0,,,
US1WAKG0225,"SEATTLE 2.1 ESE, WA US",3/13/22,,,0.1,,,,
US1WAKG0225,"SEATTLE 2.1 ESE, WA US",3/14/22,,,0.05,,,,
US1WAKG0225,"SEATTLE 2.1 ESE, WA US",3/15/22,,,0.52,,,,
US1WAKG0225,"SEATTLE 2.1 ESE, WA US",3/16/22,,,0.06,,,,
US1WAKG0225,"SEATTLE 2.1 ESE, WA US",3/17/22,,,0,0,,,
US1WAKG0225,"SEATTLE 2.1 ESE, WA US",3/27/22,10,1.41,,,,,
US1WAKG0225,"SEATTLE 2.1 ESE, WA US",3/28/22,,,0,0,,,
US1WAKG0225,"SEATTLE 2.1 ESE, WA US",3/29/22,,,0,,,,
US1WAKG0225,"SEATTLE 2.1 ESE, WA US",3/30/22,,,0,0,,,
US1WAKG0225,"SEATTLE 2.1 ESE, WA US",3/31/22,,,0.25,,,,
US1WAKG0225,"SEATTLE 2.1 ESE, WA US",4/1/22,,,0,0,,,
US1WAKG0225,"SEATTLE 2.1 ESE, WA US",4/2/22,,,0.1,,,,
US1WAKG0225,"SEATTLE 2.1 ESE, WA US",4/3/22,,,0.02,,,,
US1WAKG0225,"SEATTLE 2.1 ESE, WA US",4/4/22,,,0.88,,,,
US1WAKG0225,"SEATTLE 2.1 ESE, WA US",4/5/22,,,0.08,,,,
US1WAKG0225,"SEATTLE 2.1 ESE, WA US",4/6/22,,,0.01,,,,
US1WAKG0225,"SEATTLE 2.1 ESE, WA US",4/7/22,,,0,0,,,
US1WAKG0225,"SEATTLE 2.1 ESE, WA US",4/8/22,,,0.05,,,,
US1WAKG0225,"SEATTLE 2.1 ESE, WA US",4/9/22,,,0.01,,,,
US1WAKG0225,"SEATTLE 2.1 ESE, WA US",4/10/22,,,0.48,,,,
US1WAKG0225,"SEATTLE 2.1 ESE, WA US",4/11/22,,,0.07,,,,
US1WAKG0225,"SEATTLE 2.1 ESE, WA US",4/12/22,,,0,0,,,
US1WAKG0225,"SEATTLE 2.1 ESE, WA US",4/13/22,,,0,0,,,
US1WAKG0225,"SEATTLE 2.1 ESE, WA US",4/14/22,,,0,,,,
US1WAKG0225,"SEATTLE 2.1 ESE, WA US",4/15/22,,,0.02,,,,
US1WAKG0225,"SEATTLE 2.1 ESE, WA US",4/16/22,,,0,0,,,
US1WAKG0225,"SEATTLE 2.1 ESE, WA US",4/17/22,,,0.14,,,,
US1WAKG0225,"SEATTLE 2.1 ESE, WA US",4/18/22,,,0.08,,,,
US1WAKG0225,"SEATTLE 2.1 ESE, WA US",4/19/22,,,0.31,,,,
US1WAKG0225,"SEATTLE 2.1 ESE, WA US",4/20/22,,,0.01,,,,
US1WAKG0225,"SEATTLE 2.1 ESE, WA US",4/21/22,,,0.18,,,,
US1WAKG0225,"SEATTLE 2.1 ESE, WA US",4/22/22,,,0.38,,,,
US1WAKG0225,"SEATTLE 2.1 ESE, WA US",4/23/22,,,0.02,,,,
US1WAKG0225,"SEATTLE 2.1 ESE, WA US",4/24/22,,,0,0,,,
US1WAKG0225,"SEATTLE 2.1 ESE, WA US",4/25/22,,,0.16,,,,
US1WAKG0225,"SEATTLE 2.1 ESE, WA US",4/26/22,,,0.01,,,,
US1WAKG0225,"SEATTLE 2.1 ESE, WA US",4/27/22,,,0.03,,,,
US1WAKG0225,"SEATTLE 2.1 ESE, WA US",4/28/22,,,0.02,,,,
US1WAKG0225,"SEATTLE 2.1 ESE, WA US",4/29/22,,,0,0,,,
US1WAKG0225,"SEATTLE 2.1 ESE, WA US",4/30/22,,,0.36,,,,
US1WAKG0225,"SEATTLE 2.1 ESE, WA US",5/1/22,,,0.05,,,,
US1WAKG0225,"SEATTLE 2.1 ESE, WA US",5/2/22,,,0.3,,,,
US1WAKG0225,"SEATTLE 2.1 ESE, WA US",5/3/22,,,0.12,,,,
US1WAKG0225,"SEATTLE 2.1 ESE, WA US",5/4/22,,,0.01,,,,
US1WAKG0225,"SEATTLE 2.1 ESE, WA US",5/5/22,,,0.04,,,,
US1WAKG0225,"SEATTLE 2.1 ESE, WA US",5/6/22,,,0.34,,,,
US1WAKG0225,"SEATTLE 2.1 ESE, WA US",5/7/22,,,0.55,,,,
US1WAKG0225,"SEATTLE 2.1 ESE, WA US",5/8/22,,,0.04,,,,
US1WAKG0225,"SEATTLE 2.1 ESE, WA US",5/9/22,,,0.01,,,,
US1WAKG0225,"SEATTLE 2.1 ESE, WA US",5/10/22,,,0.03,,,,
US1WAKG0225,"SEATTLE 2.1 ESE, WA US",5/11/22,,,0.01,,,,
US1WAKG0225,"SEATTLE 2.1 ESE, WA US",5/12/22,,,0.05,,,,
US1WAKG0225,"SEATTLE 2.1 ESE, WA US",5/13/22,,,0.48,,,,
US1WAKG0225,"SEATTLE 2.1 ESE, WA US",5/14/22,,,0.11,,,,
US1WAKG0225,"SEATTLE 2.1 ESE, WA US",5/15/22,,,0.1,,,,
US1WAKG0225,"SEATTLE 2.1 ESE, WA US",5/16/22,,,0.66,,,,
US1WAKG0225,"SEATTLE 2.1 ESE, WA US",5/17/22,,,0.02,,,,
US1WAKG0225,"SEATTLE 2.1 ESE, WA US",5/18/22,,,0.17,,,,
US1WAKG0225,"SEATTLE 2.1 ESE, WA US",5/19/22,,,0.1,,,,
US1WAKG0225,"SEATTLE 2.1 ESE, WA US",5/20/22,,,0,0,,,
US1WAKG0225,"SEATTLE 2.1 ESE, WA US",5/21/22,,,0,0,,,
US1WAKG0225,"SEATTLE 2.1 ESE, WA US",5/22/22,,,0,0,,,
US1WAKG0225,"SEATTLE 2.1 ESE, WA US",5/23/22,,,0,,,,
US1WAKG0225,"SEATTLE 2.1 ESE, WA US",5/24/22,,,0,0,,,
US1WAKG0225,"SEATTLE 2.1 ESE, WA US",5/25/22,,,0.03,,,,
US1WAKG0225,"SEATTLE 2.1 ESE, WA US",5/26/22,,,0,,,,
US1WAKG0225,"SEATTLE 2.1 ESE, WA US",5/27/22,,,0.12,,,,
US1WAKG0225,"SEATTLE 2.1 ESE, WA US",5/28/22,,,0.03,,,,
US1WAKG0225,"SEATTLE 2.1 ESE, WA US",5/29/22,,,0.34,,,,
US1WAKG0225,"SEATTLE 2.1 ESE, WA US",5/30/22,,,0.39,,,,
US1WAKG0225,"SEATTLE 2.1 ESE, WA US",5/31/22,,,0.08,,,,
US1WAKG0225,"SEATTLE 2.1 ESE, WA US",6/1/22,,,0,0,,,
US1WAKG0225,"SEATTLE 2.1 ESE, WA US",6/2/22,,,0.04,,,,
US1WAKG0225,"SEATTLE 2.1 ESE, WA US",6/3/22,,,0.21,,,,
US1WAKG0225,"SEATTLE 2.1 ESE, WA US",6/4/22,,,0.11,,,,
US1WAKG0225,"SEATTLE 2.1 ESE, WA US",6/5/22,,,0.61,,,,
US1WAKG0225,"SEATTLE 2.1 ESE, WA US",6/6/22,,,0.28,,,,
US1WAKG0225,"SEATTLE 2.1 ESE, WA US",6/7/22,,,0,0,,,
US1WAKG0225,"SEATTLE 2.1 ESE, WA US",6/8/22,,,0.01,,,,
US1WAKG0225,"SEATTLE 2.1 ESE, WA US",6/9/22,,,0.08,,,,
US1WAKG0225,"SEATTLE 2.1 ESE, WA US",6/10/22,,,1.07,,,,
US1WAKG0225,"SEATTLE 2.1 ESE, WA US",6/11/22,,,0.13,,,,
US1WAKG0225,"SEATTLE 2.1 ESE, WA US",6/12/22,,,0.07,,,,
US1WAKG0225,"SEATTLE 2.1 ESE, WA US",6/13/22,,,0.25,,,,
US1WAKG0225,"SEATTLE 2.1 ESE, WA US",6/14/22,,,0.1,,,,
US1WAKG0225,"SEATTLE 2.1 ESE, WA US",6/15/22,,,0,0,,,
US1WAKG0225,"SEATTLE 2.1 ESE, WA US",6/16/22,,,0.03,,,,
US1WAKG0225,"SEATTLE 2.1 ESE, WA US",6/17/22,,,0.01,,,,
US1WAKG0225,"SEATTLE 2.1 ESE, WA US",6/18/22,,,0.14,,,,
US1WAKG0225,"SEATTLE 2.1 ESE, WA US",6/19/22,,,0.04,,,,
US1WAKG0225,"SEATTLE 2.1 ESE, WA US",6/20/22,,,0,0,,,
US1WAKG0225,"SEATTLE 2.1 ESE, WA US",6/21/22,,,0,0,,,
US1WAKG0225,"SEATTLE 2.1 ESE, WA US",6/22/22,,,0.03,,,,
US1WAKG0225,"SEATTLE 2.1 ESE, WA US",6/23/22,,,0.03,,,,
US1WAKG0225,"SEATTLE 2.1 ESE, WA US",6/24/22,,,0,0,,,
US1WAKG0225,"SEATTLE 2.1 ESE, WA US",6/25/22,,,0,0,,,
US1WAKG0225,"SEATTLE 2.1 ESE, WA US",6/26/22,,,0,0,,,
US1WAKG0225,"SEATTLE 2.1 ESE, WA US",6/27/22,,,0,0,,,
US1WAKG0225,"SEATTLE 2.1 ESE, WA US",6/28/22,,,0,0,,,
US1WAKG0225,"SEATTLE 2.1 ESE, WA US",6/29/22,,,0,,,,
US1WAKG0225,"SEATTLE 2.1 ESE, WA US",6/30/22,,,0,0,,,
US1WAKG0225,"SEATTLE 2.1 ESE, WA US",7/1/22,,,0,0,,,
US1WAKG0225,"SEATTLE 2.1 ESE, WA US",7/2/22,,,0,0,,,
US1WAKG0225,"SEATTLE 2.1 ESE, WA US",7/3/22,,,0.02,,,,
US1WAKG0225,"SEATTLE 2.1 ESE, WA US",7/4/22,,,0.12,,,,
US1WAKG0225,"SEATTLE 2.1 ESE, WA US",7/5/22,,,0.05,,,,
US1WAKG0225,"SEATTLE 2.1 ESE, WA US",7/6/22,,,0.06,,,,
US1WAKG0225,"SEATTLE 2.1 ESE, WA US",7/7/22,,,0.04,,,,
US1WAKG0225,"SEATTLE 2.1 ESE, WA US",7/8/22,,,0,,,,
US1WAKG0225,"SEATTLE 2.1 ESE, WA US",7/9/22,,,0,,,,
US1WAKG0225,"SEATTLE 2.1 ESE, WA US",7/10/22,,,0,0,,,
US1WAKG0225,"SEATTLE 2.1 ESE, WA US",7/11/22,,,0,0,,,
US1WAKG0225,"SEATTLE 2.1 ESE, WA US",7/12/22,,,0,0,,,
US1WAKG0225,"SEATTLE 2.1 ESE, WA US",7/13/22,,,0,0,,,
US1WAKG0225,"SEATTLE 2.1 ESE, WA US",7/14/22,,,0,0,,,
US1WAKG0225,"SEATTLE 2.1 ESE, WA US",7/15/22,,,0,0,,,
US1WAKG0225,"SEATTLE 2.1 ESE, WA US",7/16/22,,,0,0,,,
US1WAKG0225,"SEATTLE 2.1 ESE, WA US",7/17/22,,,0,0,,,
US1WAKG0225,"SEATTLE 2.1 ESE, WA US",7/18/22,,,0.02,,,,
US1WAKG0225,"SEATTLE 2.1 ESE, WA US",7/19/22,,,0,0,,,
US1WAKG0225,"SEATTLE 2.1 ESE, WA US",7/20/22,,,0,0,,,
US1WAKG0225,"SEATTLE 2.1 ESE, WA US",7/21/22,,,0,0,,,
US1WAKG0225,"SEATTLE 2.1 ESE, WA US",7/22/22,,,0,0,,,
US1WAKG0225,"SEATTLE 2.1 ESE, WA US",7/23/22,,,0,0,,,
US1WAKG0225,"SEATTLE 2.1 ESE, WA US",7/24/22,,,0,0,,,
US1WAKG0225,"SEATTLE 2.1 ESE, WA US",7/25/22,,,0,0,,,
US1WAKG0225,"SEATTLE 2.1 ESE, WA US",7/26/22,,,0,0,,,
US1WAKG0225,"SEATTLE 2.1 ESE, WA US",7/27/22,,,0,0,,,
US1WAKG0225,"SEATTLE 2.1 ESE, WA US",7/28/22,,,0,0,,,
US1WAKG0225,"SEATTLE 2.1 ESE, WA US",7/29/22,,,0,0,,,
US1WAKG0225,"SEATTLE 2.1 ESE, WA US",7/30/22,,,0,0,,,
US1WAKG0225,"SEATTLE 2.1 ESE, WA US",7/31/22,,,0,0,,,
US1WAKG0225,"SEATTLE 2.1 ESE, WA US",8/1/22,,,0,0,,,
US1WAKG0225,"SEATTLE 2.1 ESE, WA US",8/2/22,,,0,0,,,
US1WAKG0225,"SEATTLE 2.1 ESE, WA US",8/3/22,,,0,,,,
US1WAKG0225,"SEATTLE 2.1 ESE, WA US",8/4/22,,,0,0,,,
US1WAKG0225,"SEATTLE 2.1 ESE, WA US",8/5/22,,,0.07,,,,
US1WAKG0225,"SEATTLE 2.1 ESE, WA US",8/6/22,,,0,0,,,
US1WAKG0225,"SEATTLE 2.1 ESE, WA US",8/7/22,,,0,0,,,
US1WAKG0225,"SEATTLE 2.1 ESE, WA US",8/8/22,,,0,0,,,
US1WAKG0225,"SEATTLE 2.1 ESE, WA US",8/9/22,,,0,,,,
US1WAKG0225,"SEATTLE 2.1 ESE, WA US",8/10/22,,,0.01,,,,
US1WAKG0225,"SEATTLE 2.1 ESE, WA US",8/11/22,,,0.05,,,,
US1WAKG0225,"SEATTLE 2.1 ESE, WA US",8/12/22,,,0,0,,,
US1WAKG0225,"SEATTLE 2.1 ESE, WA US",8/13/22,,,0,0,,,
US1WAKG0225,"SEATTLE 2.1 ESE, WA US",8/14/22,,,0,0,,,
US1WAKG0225,"SEATTLE 2.1 ESE, WA US",8/15/22,,,0,0,,,
US1WAKG0225,"SEATTLE 2.1 ESE, WA US",8/16/22,,,0,0,,,
US1WAKG0225,"SEATTLE 2.1 ESE, WA US",8/17/22,,,0,0,,,
US1WAKG0225,"SEATTLE 2.1 ESE, WA US",8/18/22,,,0,0,,,
US1WAKG0225,"SEATTLE 2.1 ESE, WA US",8/19/22,,,0.01,,,,
US1WAKG0225,"SEATTLE 2.1 ESE, WA US",8/20/22,,,0.05,,,,
US1WAKG0225,"SEATTLE 2.1 ESE, WA US",8/21/22,,,0,,,,
US1WAKG0225,"SEATTLE 2.1 ESE, WA US",8/22/22,,,0,0,,,
US1WAKG0225,"SEATTLE 2.1 ESE, WA US",8/23/22,,,0,0,,,
US1WAKG0225,"SEATTLE 2.1 ESE, WA US",8/24/22,,,0,0,,,
US1WAKG0225,"SEATTLE 2.1 ESE, WA US",8/25/22,,,0,0,,,
US1WAKG0225,"SEATTLE 2.1 ESE, WA US",8/26/22,,,0,0,,,
US1WAKG0225,"SEATTLE 2.1 ESE, WA US",8/27/22,,,0.05,,,,
US1WAKG0225,"SEATTLE 2.1 ESE, WA US",8/28/22,,,0,0,,,
US1WAKG0225,"SEATTLE 2.1 ESE, WA US",8/29/22,,,0,0,,,
US1WAKG0225,"SEATTLE 2.1 ESE, WA US",8/30/22,,,0,0,,,
US1WAKG0225,"SEATTLE 2.1 ESE, WA US",8/31/22,,,0,0,,,
US1WAKG0225,"SEATTLE 2.1 ESE, WA US",9/1/22,,,0,0,,,
US1WAKG0225,"SEATTLE 2.1 ESE, WA US",9/2/22,,,0,0,,,
US1WAKG0225,"SEATTLE 2.1 ESE, WA US",9/3/22,,,0.02,,,,
US1WAKG0225,"SEATTLE 2.1 ESE, WA US",9/4/22,,,0.03,,,,
US1WAKG0225,"SEATTLE 2.1 ESE, WA US",9/5/22,,,0.02,,,,
US1WAKG0225,"SEATTLE 2.1 ESE, WA US",9/6/22,,,0,,,,
US1WAKG0225,"SEATTLE 2.1 ESE, WA US",9/7/22,,,0,0,,,
US1WAKG0225,"SEATTLE 2.1 ESE, WA US",9/8/22,,,0,0,,,
US1WAKG0225,"SEATTLE 2.1 ESE, WA US",9/9/22,,,0,0,,,
US1WAKG0225,"SEATTLE 2.1 ESE, WA US",9/10/22,,,0,,,,
US1WAKG0225,"SEATTLE 2.1 ESE, WA US",9/11/22,,,0,,,,
US1WAKG0225,"SEATTLE 2.1 ESE, WA US",9/12/22,,,0,0,,,
US1WAKG0225,"SEATTLE 2.1 ESE, WA US",9/13/22,,,0,0,,,
US1WAKG0225,"SEATTLE 2.1 ESE, WA US",9/14/22,,,0,0,,,
US1WAKG0225,"SEATTLE 2.1 ESE, WA US",9/15/22,,,0,0,,,
US1WAKG0225,"SEATTLE 2.1 ESE, WA US",9/16/22,,,0,0,,,
US1WAKG0225,"SEATTLE 2.1 ESE, WA US",9/17/22,,,0,0,,,
US1WAKG0225,"SEATTLE 2.1 ESE, WA US",9/18/22,,,0,0,,,
US1WAKG0225,"SEATTLE 2.1 ESE, WA US",9/19/22,,,0,0,,,
US1WAKG0225,"SEATTLE 2.1 ESE, WA US",9/20/22,,,0,0,,,
US1WAKG0225,"SEATTLE 2.1 ESE, WA US",9/21/22,,,0,0,,,
US1WAKG0225,"SEATTLE 2.1 ESE, WA US",9/22/22,,,0,0,,,
US1WAKG0225,"SEATTLE 2.1 ESE, WA US",9/23/22,,,0,0,,,
US1WAKG0225,"SEATTLE 2.1 ESE, WA US",9/24/22,,,0,0,,,
US1WAKG0225,"SEATTLE 2.1 ESE, WA US",9/25/22,,,0,0,,,
US1WAKG0225,"SEATTLE 2.1 ESE, WA US",9/26/22,,,0,0,,,
US1WAKG0225,"SEATTLE 2.1 ESE, WA US",9/27/22,,,0,0,,,
US1WAKG0225,"SEATTLE 2.1 ESE, WA US",9/28/22,,,0,0,,,
US1WAKG0225,"SEATTLE 2.1 ESE, WA US",9/29/22,,,0.03,,,,
US1WAKG0225,"SEATTLE 2.1 ESE, WA US",9/30/22,,,0,0,,,
US1WAKG0225,"SEATTLE 2.1 ESE, WA US",10/1/22,,,0,0,,,
US1WAKG0225,"SEATTLE 2.1 ESE, WA US",10/2/22,,,0,0,,,
US1WAKG0225,"SEATTLE 2.1 ESE, WA US",10/3/22,,,0,0,,,
US1WAKG0225,"SEATTLE 2.1 ESE, WA US",10/4/22,,,0,0,,,
US1WAKG0225,"SEATTLE 2.1 ESE, WA US",10/5/22,,,0.01,,,,
US1WAKG0225,"SEATTLE 2.1 ESE, WA US",10/6/22,,,0,,,,
US1WAKG0225,"SEATTLE 2.1 ESE, WA US",10/7/22,,,0,0,,,
US1WAKG0225,"SEATTLE 2.1 ESE, WA US",10/8/22,,,0,0,,,
US1WAKG0225,"SEATTLE 2.1 ESE, WA US",10/9/22,,,0,0,,,
US1WAKG0225,"SEATTLE 2.1 ESE, WA US",10/10/22,,,0,0,,,
US1WAKG0225,"SEATTLE 2.1 ESE, WA US",10/11/22,,,0,0,,,
US1WAKG0225,"SEATTLE 2.1 ESE, WA US",10/12/22,,,0,0,,,
US1WAKG0225,"SEATTLE 2.1 ESE, WA US",10/13/22,,,0,0,,,
US1WAKG0225,"SEATTLE 2.1 ESE, WA US",10/14/22,,,0,0,,,
US1WAKG0225,"SEATTLE 2.1 ESE, WA US",10/15/22,,,0,0,,,
US1WAKG0225,"SEATTLE 2.1 ESE, WA US",10/16/22,,,0,0,,,
US1WAKG0225,"SEATTLE 2.1 ESE, WA US",10/17/22,,,0,0,,,
US1WAKG0225,"SEATTLE 2.1 ESE, WA US",10/18/22,,,0,0,,,
US1WAKG0225,"SEATTLE 2.1 ESE, WA US",10/19/22,,,0,0,,,
US1WAKG0225,"SEATTLE 2.1 ESE, WA US",10/20/22,,,0,0,,,
US1WAKG0225,"SEATTLE 2.1 ESE, WA US",10/21/22,,,0,,,,
US1WAKG0225,"SEATTLE 2.1 ESE, WA US",10/22/22,,,0.42,,,,
US1WAKG0225,"SEATTLE 2.1 ESE, WA US",10/23/22,,,0.27,,,,
US1WAKG0225,"SEATTLE 2.1 ESE, WA US",10/24/22,,,0.1,,,,
US1WAKG0225,"SEATTLE 2.1 ESE, WA US",10/25/22,,,0.11,,,,
US1WAKG0225,"SEATTLE 2.1 ESE, WA US",10/26/22,,,0.41,,,,
US1WAKG0225,"SEATTLE 2.1 ESE, WA US",10/27/22,,,0.01,,,,
US1WAKG0225,"SEATTLE 2.1 ESE, WA US",10/28/22,,,0.58,,,,
US1WAKG0225,"SEATTLE 2.1 ESE, WA US",10/29/22,,,0.02,,,,
US1WAKG0225,"SEATTLE 2.1 ESE, WA US",10/30/22,,,0.02,,,,
US1WAKG0225,"SEATTLE 2.1 ESE, WA US",10/31/22,,,0.9,,,,
US1WAKG0225,"SEATTLE 2.1 ESE, WA US",11/1/22,,,0.02,,,,
US1WAKG0225,"SEATTLE 2.1 ESE, WA US",11/2/22,,,0.28,,,,
US1WAKG0225,"SEATTLE 2.1 ESE, WA US",11/3/22,,,0.23,,,,
US1WAKG0225,"SEATTLE 2.1 ESE, WA US",11/4/22,,,0.37,,,,
US1WAKG0225,"SEATTLE 2.1 ESE, WA US",11/5/22,,,0.02,,,,
US1WAKG0225,"SEATTLE 2.1 ESE, WA US",11/6/22,,,0.9,,,,
US1WAKG0225,"SEATTLE 2.1 ESE, WA US",11/7/22,,,0.21,,,,
US1WAKG0225,"SEATTLE 2.1 ESE, WA US",11/8/22,,,0.25,,,,
US1WAKG0225,"SEATTLE 2.1 ESE, WA US",11/9/22,,,0.01,,,,
US1WAKG0225,"SEATTLE 2.1 ESE, WA US",11/10/22,,,0,0,,,
US1WAKG0225,"SEATTLE 2.1 ESE, WA US",11/11/22,,,0,0,,,
US1WAKG0225,"SEATTLE 2.1 ESE, WA US",11/12/22,,,0,,,,
US1WAKG0225,"SEATTLE 2.1 ESE, WA US",11/13/22,,,0,0,,,
US1WAKG0225,"SEATTLE 2.1 ESE, WA US",11/14/22,,,0,0,,,
US1WAKG0225,"SEATTLE 2.1 ESE, WA US",11/15/22,,,0,0,,,
US1WAKG0225,"SEATTLE 2.1 ESE, WA US",11/16/22,,,0,0,,,
US1WAKG0225,"SEATTLE 2.1 ESE, WA US",11/17/22,,,0,0,,,
US1WAKG0225,"SEATTLE 2.1 ESE, WA US",11/18/22,,,0,0,,,
US1WAKG0225,"SEATTLE 2.1 ESE, WA US",11/19/22,,,0,0,,,
US1WAKG0225,"SEATTLE 2.1 ESE, WA US",11/20/22,,,0,0,,,
US1WAKG0225,"SEATTLE 2.1 ESE, WA US",11/21/22,,,0.01,,,,
US1WAKG0225,"SEATTLE 2.1 ESE, WA US",11/22/22,,,0.17,,,,
US1WAKG0225,"SEATTLE 2.1 ESE, WA US",11/23/22,,,0.98,,,,
US1WAKG0225,"SEATTLE 2.1 ESE, WA US",11/24/22,,,0,0,,,
US1WAKG0225,"SEATTLE 2.1 ESE, WA US",11/25/22,,,0.22,,,,
US1WAKG0225,"SEATTLE 2.1 ESE, WA US",11/26/22,,,0.7,,,,
US1WAKG0225,"SEATTLE 2.1 ESE, WA US",11/27/22,,,0.26,,,,
US1WAKG0225,"SEATTLE 2.1 ESE, WA US",11/28/22,,,0.07,0,0,,
US1WAKG0225,"SEATTLE 2.1 ESE, WA US",11/29/22,,,0.02,0,0,,
US1WAKG0225,"SEATTLE 2.1 ESE, WA US",11/30/22,,,1.26,1.5,0.5,,
US1WAKG0225,"SEATTLE 2.1 ESE, WA US",12/1/22,,,0.07,0,0,,
US1WAKG0225,"SEATTLE 2.1 ESE, WA US",12/2/22,,,0,0.3,0.3,0,0
US1WAKG0225,"SEATTLE 2.1 ESE, WA US",12/3/22,,,0.72,2,1.5,,
US1WAKG0225,"SEATTLE 2.1 ESE, WA US",12/4/22,,,0,0,0.5,,
US1WAKG0225,"SEATTLE 2.1 ESE, WA US",12/5/22,,,0.2,0,0.1,,
US1WAKG0225,"SEATTLE 2.1 ESE, WA US",12/6/22,,,0.01,0,0,,
US1WAKG0225,"SEATTLE 2.1 ESE, WA US",12/7/22,,,0.04,,0,,
US1WAKG0225,"SEATTLE 2.1 ESE, WA US",12/8/22,,,0.29,,,,
US1WAKG0225,"SEATTLE 2.1 ESE, WA US",12/9/22,,,0.1,,,,
US1WAKG0225,"SEATTLE 2.1 ESE, WA US",12/10/22,,,0.9,,,,
US1WAKG0225,"SEATTLE 2.1 ESE, WA US",12/11/22,,,0.29,,,,
US1WAKG0225,"SEATTLE 2.1 ESE, WA US",12/12/22,,,0.07,,,,
US1WAKG0225,"SEATTLE 2.1 ESE, WA US",12/13/22,,,0.05,,,,
US1WAKG0225,"SEATTLE 2.1 ESE, WA US",12/14/22,,,0.01,,,,
US1WAKG0225,"SEATTLE 2.1 ESE, WA US",12/15/22,,,0,0,,,
US1WAKG0225,"SEATTLE 2.1 ESE, WA US",12/16/22,,,0,0,,,
US1WAKG0225,"SEATTLE 2.1 ESE, WA US",12/17/22,,,0.01,,,,
US1WAKG0225,"SEATTLE 2.1 ESE, WA US",12/18/22,,,0.06,0,0,,
US1WAKG0225,"SEATTLE 2.1 ESE, WA US",12/19/22,,,0.08,1,1,0.1,0.1
US1WAKG0225,"SEATTLE 2.1 ESE, WA US",12/20/22,,,0.25,1,0,,
US1WAKG0225,"SEATTLE 2.1 ESE, WA US",12/21/22,,,0.31,1,1,,
US1WAKG0225,"SEATTLE 2.1 ESE, WA US",12/22/22,,,0.03,0,0.7,,
US1WAKG0225,"SEATTLE 2.1 ESE, WA US",12/23/22,,,0.27,0,1,,
US1WAKG0225,"SEATTLE 2.1 ESE, WA US",12/24/22,,,0.52,0,0,,
US1WAKG0225,"SEATTLE 2.1 ESE, WA US",12/25/22,,,0.86,0,0,,
US1WAKG0225,"SEATTLE 2.1 ESE, WA US",12/26/22,,,1.37,,,,
US1WAKG0225,"SEATTLE 2.1 ESE, WA US",12/27/22,,,0.78,,,,
US1WAKG0225,"SEATTLE 2.1 ESE, WA US",12/28/22,,,0.4,,,,
US1WAKG0225,"SEATTLE 2.1 ESE, WA US",12/29/22,,,0.03,,,,
US1WAKG0225,"SEATTLE 2.1 ESE, WA US",12/30/22,,,0.62,,,,
US1WAKG0225,"SEATTLE 2.1 ESE, WA US",12/31/22,,,0.17,,,,
